LabelName,DisplayName,wikidata,aat,iconclass
/m/0d_fj,Hockey puck,https://www.wikidata.org/entity/Q508918,http://vocab.getty.edu/page/aat/300211108,
/m/0d_jdb,Jaguar xj13,,,
/m/0d_m7d,Durango boot,,,
/m/0d_msv,Pan-bagnat,https://www.wikidata.org/entity/Q2919135,,
/m/0d_qg3,Beer bread,https://www.wikidata.org/entity/Q3642907,,
/m/0d_snrp,Practice chanter,https://www.wikidata.org/entity/Q1724468,,
/m/0d_t_q,Holden vz commodore,,,
/m/0d_tyn,Cheonggukjang,https://www.wikidata.org/entity/Q1071614,,
/m/0d_x0p,Dopiaza,https://www.wikidata.org/entity/Q3496916,,
/m/0d_xzc,Apatura,https://www.wikidata.org/entity/Q1083863,,
/m/0d_y8t,Hyundai aero town,,,
/m/0d_yh2,Hyundai super truck,,,
/m/0db0h_,Pinakbet,https://www.wikidata.org/entity/Q1642157,,
/m/0db0qw,Hamper,https://www.wikidata.org/entity/Q13479587,http://vocab.getty.edu/page/aat/300197291,
/m/0db10c,Mud bogging,https://www.wikidata.org/entity/Q6931463,,
/m/0db1j8,Volkswagen ea489 basistransporter,,,
/m/0db2f,High-speed rail,https://www.wikidata.org/entity/Q211382,http://vocab.getty.edu/page/aat/300212772,
/m/0db6d,Kiss,https://www.wikidata.org/entity/Q7307,,http://www.iconclass.org/rkd/33A14/
/m/0db79,Clergy,https://www.wikidata.org/entity/Q177826,http://vocab.getty.edu/page/aat/300025747,
/m/0dbjz7,Striped Chorus Frog,https://www.wikidata.org/entity/Q2276781,,
/m/0dbk_j,Kai ken,https://www.wikidata.org/entity/Q38223,,
/m/0dbl1z,Yukon gold potato,https://www.wikidata.org/entity/Q3573172,,
/m/0dbrl,Garlic,https://www.wikidata.org/entity/Q23400,,
/m/0dbs2,Gargoyle,https://www.wikidata.org/entity/Q215194,http://vocab.getty.edu/page/aat/300002330,
/m/0dbsnr,Volkswagen constellation,,,
/m/0dbtv,Flood,https://www.wikidata.org/entity/Q8068,http://vocab.getty.edu/page/aat/300054731,http://www.iconclass.org/rkd/25H199/
/m/0dbvj3,Writing desk,https://www.wikidata.org/entity/Q87035610,http://vocab.getty.edu/page/aat/300039427,
/m/0dbvp,Goose,https://www.wikidata.org/entity/Q16529344,,http://www.iconclass.org/rkd/34B2332/
/m/0dbxbw,Sardenara,https://www.wikidata.org/entity/Q3950519,,
/m/0dbxd8,Ford escort rs 1700t,,,
/m/0dbxhq,Joint compound,https://www.wikidata.org/entity/Q6269504,,
/m/0dbzx,Mule,https://www.wikidata.org/entity/Q41692,http://vocab.getty.edu/page/aat/300250277,
/m/0dc0xz,Airsoft pellets,https://www.wikidata.org/entity/Q4405347,,
/m/0dc1ms,Rhus ovata,https://www.wikidata.org/entity/Q3590923,,
/m/0dc2mm,Goldmoss stonecrop,https://www.wikidata.org/entity/Q156823,,
/m/0dc3k,Enchilada,https://www.wikidata.org/entity/Q876096,,
/m/0dc47l,Electronic tanpura,https://www.wikidata.org/entity/Q5358437,,
/m/0dc4t,Mole,https://www.wikidata.org/entity/Q1943425,,
/m/0dc6bc,Bank teller,https://www.wikidata.org/entity/Q806805,,
/m/0dc7td,Purplehead,https://www.wikidata.org/entity/Q3706892,,
/m/0dc_tt,Charina,https://www.wikidata.org/entity/Q1023539,,
/m/0dc_v,Astronomy,https://www.wikidata.org/entity/Q333,http://vocab.getty.edu/page/aat/300054534,http://www.iconclass.org/rkd/49E1/
/m/0dcfv,Table sugar,https://www.wikidata.org/entity/Q4409456,,
/m/0dcg9r,Westfield xtr2,,,
/m/0dchj,Personal rapid transit,https://www.wikidata.org/entity/Q912996,http://vocab.getty.edu/page/aat/300155852,
/m/0dcjfr,Garden tool,https://www.wikidata.org/entity/Q1494647,http://vocab.getty.edu/page/aat/300024283,
/m/0dck7t,Chikki,https://www.wikidata.org/entity/Q3535125,,
/m/0dcms,United states postal service,https://www.wikidata.org/entity/Q668687,,
/m/0dcnjs,Champorado,https://www.wikidata.org/entity/Q3545233,,
/m/0dcp0,Flash memory,https://www.wikidata.org/entity/Q174077,,
/m/0dcq80,Escolar,https://www.wikidata.org/entity/Q1367312,,
/m/0dcx_r,Ice cave,https://www.wikidata.org/entity/Q1317637,,
/m/0dcy8,Bigtree,https://www.wikidata.org/entity/Q149851,http://vocab.getty.edu/page/aat/300343798,
/m/0dcyp,Texas longhorn,https://www.wikidata.org/entity/Q390214,,
/m/0dczxq,Diffuser,,,
/m/0dd32g,Destroyer tender,https://www.wikidata.org/entity/Q3050282,,
/m/0dd37,Laser printing,,,
/m/0dd45,Dot matrix printing,https://www.wikidata.org/entity/Q584101,http://vocab.getty.edu/page/aat/300168279,
/m/0dd4k,Funicular,https://www.wikidata.org/entity/Q142031,http://vocab.getty.edu/page/aat/300155910,http://www.iconclass.org/rkd/46C1581/
/m/0dd5q,Jinrikisha,https://www.wikidata.org/entity/Q16337999,,
/m/0dd6m,Inkjet printing,https://www.wikidata.org/entity/Q95474715,http://vocab.getty.edu/page/aat/300235748,
/m/0dd7d,Oregon pine,https://www.wikidata.org/entity/Q156687,http://vocab.getty.edu/page/aat/300343719,
/m/0dd99j,Striped Skunk,https://www.wikidata.org/entity/Q368495,,
/m/0ddb920,Chrysler 200,,,
/m/0ddcdmg,Grape soda,https://www.wikidata.org/entity/Q5597006,,
/m/0dddc3,Spotted jewelweed,https://www.wikidata.org/entity/Q2462343,,
/m/0ddf5,Buccaneer,https://www.wikidata.org/entity/Q850220,http://vocab.getty.edu/page/aat/300310701,
/m/0ddfgx,Mg k-type magnette,,,
/m/0ddgj_3,Wild orange,,,
/m/0ddh25,Breadnut,https://www.wikidata.org/entity/Q16814486,,
/m/0ddhqh,Stud finder,https://www.wikidata.org/entity/Q805083,,
/m/0ddhz,Iaidō,https://www.wikidata.org/entity/Q214410,,
/m/0ddlm7,Voltage converter,https://www.wikidata.org/entity/Q387331,,
/m/0ddm59,Asian soups,https://www.wikidata.org/entity/Q4806808,,
/m/0ddmw_,Dinengdeng,https://www.wikidata.org/entity/Q5278042,,
/m/0ddn04,Foam (Food),https://www.wikidata.org/entity/Q215414,http://vocab.getty.edu/page/aat/300014639,
/m/0ddnl,Ferry,https://www.wikidata.org/entity/Q25653,http://vocab.getty.edu/page/aat/300178870,http://www.iconclass.org/rkd/46C1112/
/m/0ddnlv,Siren,https://www.wikidata.org/entity/Q1241819,,
/m/0ddq_1,Lacrosse stick,https://www.wikidata.org/entity/Q644503,,
/m/0ddqw,Princess Leia,https://www.wikidata.org/entity/Q51797,,
/m/0ddrt,Boba fett,https://www.wikidata.org/entity/Q51790,,
/m/0ddrvl,Powder-actuated tool,https://www.wikidata.org/entity/Q4444141,,
/m/0ddyv9,Hackberry,https://www.wikidata.org/entity/Q413332,,
/m/0df2hk,Boathouse,https://www.wikidata.org/entity/Q1777951,,http://www.iconclass.org/rkd/46C2236/
/m/0df6p,Manta ray,https://www.wikidata.org/entity/Q1536199,,
/m/0df80,Castanet,https://www.wikidata.org/entity/Q183932,http://vocab.getty.edu/page/aat/300041917,http://www.iconclass.org/rkd/48C7342/
/m/0df8xq,Nonbuilding structure,https://www.wikidata.org/entity/Q1322402,,
/m/0df_n8,Frisbee games,https://www.wikidata.org/entity/Q27672886,,
/m/0dfbw,Racing,https://www.wikidata.org/entity/Q878123,http://vocab.getty.edu/page/aat/300239459,
/m/0dfdv,Snow leopard,https://www.wikidata.org/entity/Q30197,,
/m/0dffp,Router (Tool),https://www.wikidata.org/entity/Q1002868,,
/m/0dffxw,Austin 10,,,
/m/0dfgf,Feather,,,
/m/0dfgh9,Huaiyang cuisine,https://www.wikidata.org/entity/Q831187,,
/m/0dflpy,Indian elephant,https://www.wikidata.org/entity/Q591305,,
/m/0dflqz,Blue lacy,https://www.wikidata.org/entity/Q37579,,
/m/0dfm1j,Cetoniidae,,,
/m/0dfmm,Space station,https://www.wikidata.org/entity/Q25956,http://vocab.getty.edu/page/aat/300008030,
/m/0dfq0y,Aston martin short chassis volante,,,
/m/0dftk,Swan,https://www.wikidata.org/entity/Q29564928,http://vocab.getty.edu/page/aat/300250103,
/m/0dfv36,Irish car bomb,https://www.wikidata.org/entity/Q1128444,,
/m/0dfw0n,Lampranthus,,,
/m/0dfw4h,Hymenocallis,https://www.wikidata.org/entity/Q7577033,,
/m/0dfxcnz,Dijon mustard,,,
/m/0dfxcvl,Red bell pepper,https://www.wikidata.org/entity/Q1548030,,
/m/0dfxd1b,Grated parmesan,,,
/m/0dfxdbn,Yellow cake mix,,,
/m/0dfxddd,Teriyaki sauce,https://www.wikidata.org/entity/Q647175,,
/m/0dfxdfp,Yellow pepper,https://www.wikidata.org/entity/Q1548030,,
/m/0dfxdkp,Ground white pepper,,,
/m/0dfxdpq,Chili paste,,,
/m/0dfxdrn,Tamari,,,
/m/0dfxdtf,White cake mix,,,
/m/0dfxdv2,Oat bran,,,
/m/0dfxf1_,Wholegrain mustard,,,
/m/0dfzhv,Southern Leopard Frog,https://www.wikidata.org/entity/Q3020577,,
/m/0dfzmm,Myrciaria,https://www.wikidata.org/entity/Q2470494,,
/m/0dg0w,Computed tomography,,,
/m/0dg30cd,Plain fat-free yogurt,,,
/m/0dg7_b,Gray Hairstreak,https://www.wikidata.org/entity/Q3021949,,
/m/0dg7fl,Orange Sulphur,https://www.wikidata.org/entity/Q1944775,,
/m/0dgc3t,Automobile repair shop,https://www.wikidata.org/entity/Q1310967,,
/m/0dgd_,Cinematographer,https://www.wikidata.org/entity/Q222344,http://vocab.getty.edu/page/aat/300025650,
/m/0dgg83,Headbanging,https://www.wikidata.org/entity/Q862715,,
/m/0dglm,American black bear,https://www.wikidata.org/entity/Q122783,,
/m/0dgn43p,Catfoot cudweed,https://www.wikidata.org/entity/Q7254818,,
/m/0dgn463,Calochilus robertsonii,,,
/m/0dgp7p,Caparo t1,,,
/m/0dgpf9b,Flying duck orchid,https://www.wikidata.org/entity/Q2933761,,
/m/0dgq548,Petit salé,https://www.wikidata.org/entity/Q7178377,,
/m/0dgq8nv,Round-nose pliers,https://www.wikidata.org/entity/Q13553799,,
/m/0dgqt58,Esquites,https://www.wikidata.org/entity/Q5243850,,
/m/0dgr9,Magnet,https://www.wikidata.org/entity/Q11421,http://vocab.getty.edu/page/aat/300024549,http://www.iconclass.org/rkd/22B21/
/m/0dgs3tb,Lamborghini sesto elemento,,,
/m/0dgsb1k,Whipsaw,,,
/m/0dgsmhc,Yoga mat,https://www.wikidata.org/entity/Q2600531,,
/m/0dgsmq8,Artwork,https://www.wikidata.org/entity/Q838948,http://vocab.getty.edu/page/aat/300133025,
/m/0dgv00,Gamjatang,https://www.wikidata.org/entity/Q1142123,,
/m/0dgvd_,Kogel mogel,https://www.wikidata.org/entity/Q227830,,
/m/0dgw9r,Human,https://www.wikidata.org/entity/Q5,,http://www.iconclass.org/rkd/3/
/m/0dh21,Pipeline transport,https://www.wikidata.org/entity/Q725864,,
/m/0dh8s,Mail,https://www.wikidata.org/entity/Q49845,,
/m/0dh90q,Board track racing,https://www.wikidata.org/entity/Q13569199,,
/m/0dh991,Beach rugby,https://www.wikidata.org/entity/Q612303,,
/m/0dh__6,Cacciucco,https://www.wikidata.org/entity/Q961051,,
/m/0dhh94,Nurse shark,https://www.wikidata.org/entity/Q756859,,
/m/0dhlp4,Sevan trout,https://www.wikidata.org/entity/Q2416197,,
/m/0dhr42,Footbag net,https://www.wikidata.org/entity/Q5465775,,
/m/0dht30,Volvo pv 36 carioca,,,
/m/0dht98,Squash Vine Borer,https://www.wikidata.org/entity/Q148309,,
/m/0dhvj7,Kromfohrländer,https://www.wikidata.org/entity/Q38403,,
/m/0dhy7x,Canterbury bells,https://www.wikidata.org/entity/Q127555,,
/m/0dhz0,Airliner,https://www.wikidata.org/entity/Q210932,http://vocab.getty.edu/page/aat/300234022,
/m/0dhzt0,Red banded Hairstreak,https://www.wikidata.org/entity/Q744152,,
/m/0dj0kg,Cloth merchant,https://www.wikidata.org/entity/Q5135542,,
/m/0dj1r,Californian black oak,https://www.wikidata.org/entity/Q693392,http://vocab.getty.edu/page/aat/300012271,
/m/0dj24b,Kabab koobideh,https://www.wikidata.org/entity/Q8215673,,
/m/0dj2h6,Kadhi,https://www.wikidata.org/entity/Q6345457,,
/m/0dj2hx,Lotus eleven,,,
/m/0dj2nv,Chery v5,,,
/m/0dj2wpn,Green bell pepper,https://www.wikidata.org/entity/Q1548030,,
/m/0dj2x3,Muthia,https://www.wikidata.org/entity/Q6943844,,
/m/0dj6p,Peach,https://www.wikidata.org/entity/Q13189,http://vocab.getty.edu/page/aat/300375307,
/m/0dj75,Onion,https://www.wikidata.org/entity/Q23485,,
/m/0dj81,Bulb,https://www.wikidata.org/entity/Q188748,,
/m/0dj8k,Kenjutsu,https://www.wikidata.org/entity/Q249608,,
/m/0dj9n9,Bolas criollas,https://www.wikidata.org/entity/Q4938951,,
/m/0djbc,Guillotine,https://www.wikidata.org/entity/Q128015,http://vocab.getty.edu/page/aat/300391001,
/m/0djbw,Rabbi,https://www.wikidata.org/entity/Q133485,http://vocab.getty.edu/page/aat/300025776,
/m/0djh8b,Silken windhound,https://www.wikidata.org/entity/Q39207,,
/m/0djhcg,Green bean casserole,https://www.wikidata.org/entity/Q2410634,,
/m/0djkp8,Laperm,https://www.wikidata.org/entity/Q42639,,
/m/0djmp,Ancient history,https://www.wikidata.org/entity/Q41493,http://vocab.getty.edu/page/aat/300055818,http://www.iconclass.org/rkd/23T22/
/m/0djnbz,Morris six ms,,,
/m/0djs56,Regularity rally,https://www.wikidata.org/entity/Q442701,,
/m/0djtd,Coconut,https://www.wikidata.org/entity/Q13187,http://vocab.getty.edu/page/aat/300375429,
/m/0djwly,Mud turtle,https://www.wikidata.org/entity/Q2500468,,
/m/0djxw4,Phytolaccaceae,https://www.wikidata.org/entity/Q156981,,
/m/0djyym,Neotinea ustulata,https://www.wikidata.org/entity/Q158117,,
/m/0djz8d,Lawn aerator,https://www.wikidata.org/entity/Q6503658,,
/m/0djzjj,Pruning shears,https://www.wikidata.org/entity/Q144764,,
/m/0dk0r5,Apple dumpling,https://www.wikidata.org/entity/Q4781273,,
/m/0dk388,Radiologic technologist,https://www.wikidata.org/entity/Q2294052,http://vocab.getty.edu/page/aat/300252840,
/m/0dk462,Tvr cerbera speed 12,,,
/m/0dk6sl,Hedge trimmer,https://www.wikidata.org/entity/Q1593024,,
/m/0dk_k9,Lycaena,,,
/m/0dkb9w,Cozonac,https://www.wikidata.org/entity/Q1776997,,
/m/0dkbk80,Sprouted wheat,,,
/m/0dkbqt,Little Grass Frog,https://www.wikidata.org/entity/Q2274065,,
/m/0dkd6ry,Itaipava,,,
/m/0dkg2h,Pissaladière,https://www.wikidata.org/entity/Q1815839,,
/m/0dkssk,Kluski,https://www.wikidata.org/entity/Q1280741,,
/m/0dkw5,Machine,https://www.wikidata.org/entity/Q11019,http://vocab.getty.edu/page/aat/300167846,
/m/0dkxm,Mold,https://www.wikidata.org/entity/Q159341,,
/m/0dkzw,Seat belt,https://www.wikidata.org/entity/Q200403,,
/m/0dl16c,Wildlife biologist,https://www.wikidata.org/entity/Q8001342,,
/m/0dl1v4,Phat si io,https://www.wikidata.org/entity/Q6685108,,
/m/0dl21s,Drunken noodles,https://www.wikidata.org/entity/Q5309357,,
/m/0dl6q,Silk,https://www.wikidata.org/entity/Q37681,http://vocab.getty.edu/page/aat/300014072,
/m/0dl76,Prince,https://www.wikidata.org/entity/Q2747456,,
/m/0dl83,Arrow,https://www.wikidata.org/entity/Q45922,,http://www.iconclass.org/rkd/45C15(ARROW)/
/m/0dl8m,Dam,https://www.wikidata.org/entity/Q12323,http://vocab.getty.edu/page/aat/300006084,
/m/0dlgzb,Bakmi,https://www.wikidata.org/entity/Q1293258,,
/m/0dlk0vw,Floribunda,https://www.wikidata.org/entity/Q1430019,,
/m/0dlkw87,Buick verano,,,
/m/0dll20w,Three olives vodka,https://www.wikidata.org/entity/Q7797675,,
/m/0dlly9m,Home accessories,https://www.wikidata.org/entity/Q5888859,,
/m/0dlm8j,Buttonbush,https://www.wikidata.org/entity/Q5003099,,
/m/0dln2t7,Dabeli,https://www.wikidata.org/entity/Q5207457,,
/m/0dlnfl3,Calochilus paludosus,,,
/m/0dlr_m,Futebol de salão,,,
/m/0dlsr0,Pizza stone,,,
/m/0dlsw6,Khmeli suneli,https://www.wikidata.org/entity/Q1075478,,
/m/0dly90,Leather jacket,https://www.wikidata.org/entity/Q1619986,,
/m/0dm32,Sweet potato,https://www.wikidata.org/entity/Q37937,,
/m/0dm6dl,Barechested,,,
/m/0dmk_2,Golden poison frog,https://www.wikidata.org/entity/Q963997,,
/m/0dmnj2,Rolls-royce,https://www.wikidata.org/entity/Q225665,,
/m/0dmpm,Moped,https://www.wikidata.org/entity/Q201783,http://vocab.getty.edu/page/aat/300227933,
/m/0dmq2,Scooter,https://www.wikidata.org/entity/Q248698,,
/m/0dms2,Blimp,https://www.wikidata.org/entity/Q1324545,http://vocab.getty.edu/page/aat/300212639,
/m/0dmvl0,Pontiac 2+2,,,
/m/0dmw0,Plantago,https://www.wikidata.org/entity/Q164686,,
/m/0dn37p,Weineck cobra limited edition,,,
/m/0dn7v,Sumo,https://www.wikidata.org/entity/Q40561,,
/m/0dn_6t,Iso grifo,,,
/m/0dncb7,Mégane RS,,,
/m/0dncwk,Renault fluence,,,
/m/0dnhvf,Toyota dyna,,,
/m/0dnhy,Sidewalk,https://www.wikidata.org/entity/Q177749,http://vocab.getty.edu/page/aat/300003893,
/m/0dnkv,Supermarket,https://www.wikidata.org/entity/Q180846,http://vocab.getty.edu/page/aat/300005246,
/m/0dnkv9,Calçot,https://www.wikidata.org/entity/Q2934610,,
/m/0dnkwr,Ocypodidae,https://www.wikidata.org/entity/Q1029196,,
/m/0dnl4z,Cheese roll,https://www.wikidata.org/entity/Q5089404,,
/m/0dnlbj,Traditional korean musical instruments,https://www.wikidata.org/entity/Q7832298,,
/m/0dnm_q,Papa rellena,https://www.wikidata.org/entity/Q2659824,,
/m/0dnn6f,Mitsubishi cordia,,,
/m/0dnn7g,Mitsubishi tredia,,,
/m/0dnqvy,Recliner,https://www.wikidata.org/entity/Q3067542,http://vocab.getty.edu/page/aat/300038272,
/m/0dnr7,Textile,https://www.wikidata.org/entity/Q28823,http://vocab.getty.edu/page/aat/300231565,http://www.iconclass.org/rkd/47H6/
/m/0dntg1,Human body louse,https://www.wikidata.org/entity/Q549378,,
/m/0dnwy3,Hubei cuisine,https://www.wikidata.org/entity/Q1044996,,
/m/0dp0_x,Nagak,https://www.wikidata.org/entity/Q44150,,
/m/0dp2wy,Mitsubishi delica,,,
/m/0dp4pz,Sealant,https://www.wikidata.org/entity/Q1427914,http://vocab.getty.edu/page/aat/300389687,
/m/0dp5vr,Sheftalia,https://www.wikidata.org/entity/Q7492817,,
/m/0dp7g,Weaving,https://www.wikidata.org/entity/Q192296,http://vocab.getty.edu/page/aat/300053642,http://www.iconclass.org/rkd/47H46/
/m/0dp7vs,Narrow-body aircraft,https://www.wikidata.org/entity/Q842262,,
/m/0dpbb,Eschscholzia californica,https://www.wikidata.org/entity/Q158795,,
/m/0dpbg_,Kongnamul,https://www.wikidata.org/entity/Q1036741,,
/m/0dpc0v,German rex,https://www.wikidata.org/entity/Q42551,,
/m/0dpj6t,Non-alcoholic beverage,https://www.wikidata.org/entity/Q2647467,,
/m/0dpkjq,Renault clio renault sport,,,
/m/0dpm1v,Soccer ball,https://www.wikidata.org/entity/Q18545,,
/m/0dpnytb,Afuche / cabasa,https://www.wikidata.org/entity/Q1024685,,
/m/0dprt0,Party favor,https://www.wikidata.org/entity/Q10810201,,
/m/0dpryk,Pamonha,https://www.wikidata.org/entity/Q2461918,,
/m/0dpsh1v,Double reed,https://www.wikidata.org/entity/Q29811838,,
/m/0dpvm,Arch,https://www.wikidata.org/entity/Q12277,http://vocab.getty.edu/page/aat/300000994,
/m/0dpx6y,German longhaired pointer,,,
/m/0dq254,Mercury eight,,,
/m/0dq26j,Coxswain,https://www.wikidata.org/entity/Q15647248,,
/m/0dq43l,Matnakash,https://www.wikidata.org/entity/Q2604496,,
/m/0dq6zp,Rosa × centifolia,https://www.wikidata.org/entity/Q640505,,
/m/0dq75,Raccoon,https://www.wikidata.org/entity/Q121439,http://vocab.getty.edu/page/aat/300375682,
/m/0dqb5,Citrus,https://www.wikidata.org/entity/Q81513,http://vocab.getty.edu/page/aat/300375000,
/m/0dqb6p,Elbow pad,https://www.wikidata.org/entity/Q922872,,
/m/0dqc4,Caridean shrimp,,,
/m/0dqfr0,Evergreen candytuft,https://www.wikidata.org/entity/Q159306,,
/m/0dqhqh,Tatra 77,,,
/m/0dqmm,Dendrobranchiata,https://www.wikidata.org/entity/Q1058410,,
/m/0dqr2j,Nissan 300c,https://www.wikidata.org/entity/Q7040898,,
/m/0dqs43,Ringlet (Hairstyle),https://www.wikidata.org/entity/Q161520,,
/m/0dr0bd,Fpv f6,,,
/m/0dr0h,Touring car racing,,,
/m/0dr0x,Sports car racing,https://www.wikidata.org/entity/Q371804,,
/m/0dr19,Rallying,https://www.wikidata.org/entity/Q7856,,
/m/0dr1f6,Cuatro,https://www.wikidata.org/entity/Q416009,,
/m/0dr1q0,Daegeum,https://www.wikidata.org/entity/Q706424,,
/m/0dr47,Boar,https://www.wikidata.org/entity/Q58697,http://vocab.getty.edu/page/aat/300250112,
/m/0dr8qk,Cuckoo Wasps,,,
/m/0dr9vm,Daf 66,,,
/m/0dr_02,Makchang gui,https://www.wikidata.org/entity/Q6738866,,
/m/0dr_2l9,Lieutenant,https://www.wikidata.org/entity/Q186024,,
/m/0dr_47_,Sattu,https://www.wikidata.org/entity/Q12455301,,
/m/0dr_96m,Munch,https://www.wikidata.org/entity/Q297857,,
/m/0drh4d,Renault talisman,,,
/m/0drh_,Origami,https://www.wikidata.org/entity/Q83357,http://vocab.getty.edu/page/aat/300054058,
/m/0drhdd,Leninade,https://www.wikidata.org/entity/Q172209,,
/m/0drl0f,Seatrout,https://www.wikidata.org/entity/Q1188144,,
/m/0drl9k,Amancae,https://www.wikidata.org/entity/Q4739520,,
/m/0drlh,Dia de los muertos (day of the dead),https://www.wikidata.org/entity/Q309256,,
/m/0drnw4,Bikejoring,,,
/m/0drv1h,Mount scenery,https://www.wikidata.org/entity/Q1301834,,
/m/0drvx2,Old monk,https://www.wikidata.org/entity/Q762996,,
/m/0drw6n_,Daun ubi tumbuk,https://www.wikidata.org/entity/Q5228042,,
/m/0drxhld,Nurol ejder,https://www.wikidata.org/entity/Q4037791,,
/m/0ds12q7,Sapindus saponaria,https://www.wikidata.org/entity/Q2672802,,
/m/0ds1tfp,Ghanta,https://www.wikidata.org/entity/Q5555619,,
/m/0ds291,Eastern Musk Turtle,https://www.wikidata.org/entity/Q674891,,
/m/0ds2vd6,Inline skating,https://www.wikidata.org/entity/Q6034982,,
/m/0ds3xvb,Banana cue,https://www.wikidata.org/entity/Q4853862,,
/m/0ds4250,Bridegroom,https://www.wikidata.org/entity/Q854830,http://vocab.getty.edu/page/aat/300343614,
/m/0ds4tv4,Pastis henri bardouin,https://www.wikidata.org/entity/Q3368481,,
/m/0ds4x,Hairstyle,https://www.wikidata.org/entity/Q327496,,
/m/0ds5b,Facial hair,,,
/m/0ds5x1,Magyar agár,https://www.wikidata.org/entity/Q38871,,
/m/0ds61d1,Cut flowers,https://www.wikidata.org/entity/Q1576780,,
/m/0ds61fb,Batagor,https://www.wikidata.org/entity/Q4868531,,
/m/0ds7cq,Apalone,,,
/m/0ds99lh,Fun,https://www.wikidata.org/entity/Q1255864,,
/m/0ds9skb,Capuns,https://www.wikidata.org/entity/Q443962,,
/m/0dsc008,Place card,https://www.wikidata.org/entity/Q2436500,http://vocab.getty.edu/page/aat/300207391,
/m/0dsc799,Shikanjvi,https://www.wikidata.org/entity/Q4281183,,
/m/0dscjg,Mg l-type magna,,,
/m/0dsdg3_,Czech handball,https://www.wikidata.org/entity/Q3434494,,
/m/0dsdk_d,English whisky,https://www.wikidata.org/entity/Q5378686,,
/m/0dsdqgv,Vispipuuro,https://www.wikidata.org/entity/Q3544579,,
/m/0dsf0c9,Turn,https://www.wikidata.org/entity/Q411785,,
/m/0dsf4fq,Bakso,https://www.wikidata.org/entity/Q843795,,
/m/0dshhx,Frostie root beer,https://www.wikidata.org/entity/Q5506210,,
/m/0dshv_,Padel,https://www.wikidata.org/entity/Q2045881,,
/m/0dshxs,Canjica (Corn),https://www.wikidata.org/entity/Q10330033,,
/m/0dsjfd,Dornier do 31,https://www.wikidata.org/entity/Q1245869,,
/m/0dsmxd,Moskovskaya,https://www.wikidata.org/entity/Q396057,,
/m/0dsnmx,Power hockey,https://www.wikidata.org/entity/Q478659,,
/m/0dszd7,Biribol,https://www.wikidata.org/entity/Q1701092,,
/m/0dt0yv,Jachnun,https://www.wikidata.org/entity/Q1960279,,
/m/0dt23n,Borassus flabellifer,https://www.wikidata.org/entity/Q500857,,
/m/0dt3t,Fork,https://www.wikidata.org/entity/Q81881,http://vocab.getty.edu/page/aat/300393163,http://www.iconclass.org/rkd/41C312/
/m/0dt455,Mongolian food,https://www.wikidata.org/entity/Q1156753,,
/m/0dt9xj,Rue-Anemone,https://www.wikidata.org/entity/Q18121632,,
/m/0dtc__,Peugeot 908 hdi fap,,,
/m/0dtf_v,Lesser earless lizard,,,
/m/0dthp,Rosh Hashana,https://www.wikidata.org/entity/Q131028,http://vocab.getty.edu/page/aat/300069624,
/m/0dtln,Lamp,,,
/m/0dtn7s,Map turtle,,,
/m/0dtrfw,Avena (Drink),https://www.wikidata.org/entity/Q146760,,
/m/0dtv1f,Peugeot 905,,,
/m/0dv0b7,Summer squash,https://www.wikidata.org/entity/Q17119307,,
/m/0dv27g,Blueberry pie,https://www.wikidata.org/entity/Q2722559,,
/m/0dv2dr,Ladder golf,,,
/m/0dv34,Baking,https://www.wikidata.org/entity/Q720398,,
/m/0dv3j,Boiling,https://www.wikidata.org/entity/Q41716,http://vocab.getty.edu/page/aat/300380490,
/m/0dv3zf,Game boy,https://www.wikidata.org/entity/Q186437,,
/m/0dv5r,Camera,https://www.wikidata.org/entity/Q15328,http://vocab.getty.edu/page/aat/300022636,
/m/0dv6r,Squash (Sport),https://www.wikidata.org/entity/Q342702,,
/m/0dv77,Squash (Plant),https://www.wikidata.org/entity/Q342702,,
/m/0dv8l3,Slush,https://www.wikidata.org/entity/Q13296,,
/m/0dv9c,Racket,https://www.wikidata.org/entity/Q1208056,,
/m/0dvg9,Ancient roman architecture,https://www.wikidata.org/entity/Q223750,,
/m/0dvh9,Classical architecture,https://www.wikidata.org/entity/Q4198718,,
/m/0dvh_,Morris dance,https://www.wikidata.org/entity/Q1900271,,http://www.iconclass.org/rkd/33C912/
/m/0dvplh,Platecarpus,https://www.wikidata.org/entity/Q134629,,
/m/0dvr_q,Microseris lanceolata,https://www.wikidata.org/entity/Q105200034,,
/m/0dvsdw,Brook sucker,https://www.wikidata.org/entity/Q2942992,,
/m/0dvvc,Desktop computer,https://www.wikidata.org/entity/Q56155,,
/m/0dvy1m,Ford th!nk,,,
/m/0dvz2w,Chrysler 180,,,
/m/0dw26w,Barren ground Caribou,https://www.wikidata.org/entity/Q1757636,,
/m/0dw7n,Digital camera,https://www.wikidata.org/entity/Q62927,http://vocab.getty.edu/page/aat/300266792,
/m/0dw7zw,Syrena bosto,,,
/m/0dw9f6,Creative arts,,,
/m/0dw_m,Brunch,https://www.wikidata.org/entity/Q734263,,
/m/0dwgb,Orange juice,https://www.wikidata.org/entity/Q219059,,
/m/0dwhgf,Toilet brush,https://www.wikidata.org/entity/Q1064762,,
/m/0dwhh4,Colorado Hairstreak Butterfly,https://www.wikidata.org/entity/Q3815713,,
/m/0dwn8,Pickled cucumber,https://www.wikidata.org/entity/Q1365891,,
/m/0dwpk,Seasoning,https://www.wikidata.org/entity/Q773108,,
/m/0dwpy,Marination,https://www.wikidata.org/entity/Q725668,,
/m/0dwq1v,Wedding ring cushion,https://www.wikidata.org/entity/Q7979121,,
/m/0dwr4,Xylophone,https://www.wikidata.org/entity/Q165666,http://vocab.getty.edu/page/aat/300041976,
/m/0dwrb_,Taco soup,https://www.wikidata.org/entity/Q7673975,,
/m/0dwrdq,Fuel line,https://www.wikidata.org/entity/Q5507159,,
/m/0dwrz,Braising,https://www.wikidata.org/entity/Q784148,,
/m/0dwsp,Marimba,https://www.wikidata.org/entity/Q220971,http://vocab.getty.edu/page/aat/300041991,
/m/0dwt5,Vibraphone,https://www.wikidata.org/entity/Q206987,http://vocab.getty.edu/page/aat/300041914,
/m/0dwtp,Glockenspiel,https://www.wikidata.org/entity/Q626035,http://vocab.getty.edu/page/aat/300041904,
/m/0dwvl,Celesta,https://www.wikidata.org/entity/Q320341,http://vocab.getty.edu/page/aat/300041895,
/m/0dwx7,Logo,https://www.wikidata.org/entity/Q1886349,http://vocab.getty.edu/page/aat/300028715,
/m/0dwxr,Modern pentathlon,https://www.wikidata.org/entity/Q32485,,
/m/0dwysm,Wine cellar,https://www.wikidata.org/entity/Q22995,http://vocab.getty.edu/page/aat/300004762,http://www.iconclass.org/rkd/41C2411/
/m/0dx0vp,Formula libre,https://www.wikidata.org/entity/Q5470293,,
/m/0dx1j,Town,https://www.wikidata.org/entity/Q3957,http://vocab.getty.edu/page/aat/300008375,
/m/0dx417,Kutiyapi,https://www.wikidata.org/entity/Q12485397,,
/m/0dx4k5,English marigold,https://www.wikidata.org/entity/Q145930,,
/m/0dx88y,Canis panther,,,
/m/0dx8hy,Florida Softshell Turtle,https://www.wikidata.org/entity/Q1429672,,
/m/0dxb5,Berry,https://www.wikidata.org/entity/Q16128920,,
/m/0dxjn,Deep frying,https://www.wikidata.org/entity/Q854618,,
/m/0dxkr,Pan frying,https://www.wikidata.org/entity/Q17073916,,
/m/0dxlf,Grilling,https://www.wikidata.org/entity/Q264619,,
/m/0dxn2,Roasting,https://www.wikidata.org/entity/Q4865573,,
/m/0dxnmb,Surface water sports,https://www.wikidata.org/entity/Q7646039,,
/m/0dxnxn,Semifreddo,https://www.wikidata.org/entity/Q1570370,,
/m/0dxpsn,Hoary bat,https://www.wikidata.org/entity/Q587145,,
/m/0dxqz7,Strawberry pie,https://www.wikidata.org/entity/Q149766,,
/m/0dxr0,Stir frying,https://www.wikidata.org/entity/Q8980672,,
/m/0dxrf,Frying,https://www.wikidata.org/entity/Q300472,,http://www.iconclass.org/rkd/41C252/
/m/0dxsnk,Crock,https://www.wikidata.org/entity/Q5187305,,
/m/0dxtw,Special effects,,,
/m/0dy48d,Meat cutter,https://www.wikidata.org/entity/Q25037909,,
/m/0dy4cv,Beefeater gin,https://www.wikidata.org/entity/Q1763924,,
/m/0dy9cb,Daimler sp250,,,
/m/0dy_9x,Streuselkuchen,https://www.wikidata.org/entity/Q451645,,
/m/0dy_rs,Daimler majestic major,,,
/m/0dyc53,Fishcake,https://www.wikidata.org/entity/Q594675,,
/m/0dyh0d,Kalathappam,https://www.wikidata.org/entity/Q6351599,,
/m/0dyqf_,Paskha,https://www.wikidata.org/entity/Q2055235,,
/m/0dyqz9,Ferrari 340,,,
/m/0dytr,Naval ship,https://www.wikidata.org/entity/Q177597,http://vocab.getty.edu/page/aat/300232810,
/m/0dyv5,Q-ship,https://www.wikidata.org/entity/Q1550883,,
/m/0dywgn,Western pond turtle,https://www.wikidata.org/entity/Q667848,,
/m/0dyx3,Boeing b-29 superfortress,https://www.wikidata.org/entity/Q184870,,
/m/0dyxqq,Shish taouk,https://www.wikidata.org/entity/Q2963355,,
/m/0dz0lt,Tyrolean speck,https://www.wikidata.org/entity/Q877902,,
/m/0dz0r1,Yukhoe,https://www.wikidata.org/entity/Q717113,,
/m/0dz3r,Record producer,,,
/m/0dz3r8,Fruit syrup,https://www.wikidata.org/entity/Q5506416,,
/m/0dz8tg,Plains Spadefoot,https://www.wikidata.org/entity/Q2274685,,
/m/0dz96,Magician,,,
/m/0dz9l,Magic,https://www.wikidata.org/entity/Q224102,,
/m/0dz_x9,Glacier cave,https://www.wikidata.org/entity/Q40691,,
/m/0dzb2,Vein,,,
/m/0dzcqd,Acarajé,https://www.wikidata.org/entity/Q392935,,
/m/0dzct,Human face,,,
/m/0dzd2h,Vatapá,https://www.wikidata.org/entity/Q1544629,,
/m/0dzd8,Neck,,,
/m/0dzdms,Yellow garden spider,https://www.wikidata.org/entity/Q2556499,,
/m/0dzdr,Chest (Body Part),,,
/m/0dzf4,Human arm,,,
/m/0dzgw5,Segway polo,https://www.wikidata.org/entity/Q2266299,,
/m/0dzh1q,Crawfish Frog,https://www.wikidata.org/entity/Q26849093,,
/m/0dzjls,Giant pacific octopus,https://www.wikidata.org/entity/Q912404,,
/m/0dzp9m,Limenitis,https://www.wikidata.org/entity/Q132851,http://vocab.getty.edu/page/aat/300236014,
/m/0dzr2d,Sannakji,https://www.wikidata.org/entity/Q1328259,,
/m/0dzrsv,Tx1,,,
/m/0dzwg,Santalales,https://www.wikidata.org/entity/Q21851,http://vocab.getty.edu/page/aat/300374920,
/m/0dzxvn,Bubur kacang hijau,https://www.wikidata.org/entity/Q4197962,,
/m/0dzxxc,Dried and salted cod,https://www.wikidata.org/entity/Q2428509,,
/m/0dzylc,Paurotis Palm,,,
/m/0f010_,Monjayaki,https://www.wikidata.org/entity/Q167692,,
/m/0f03z5,Rambler marlin,,,
/m/0f04q0,Bungeoppang,https://www.wikidata.org/entity/Q904625,,
/m/0f07x,Quinoa,https://www.wikidata.org/entity/Q139925,,
/m/0f0ch,Cinnamon,https://www.wikidata.org/entity/Q28165,,http://www.iconclass.org/rkd/25G22(CINNAMON)/
/m/0f0gdw,Six lined Racerunner,https://www.wikidata.org/entity/Q2716254,,
/m/0f0hb,Narwhal,https://www.wikidata.org/entity/Q159426,,
/m/0f0jjz,Pornography,https://www.wikidata.org/entity/Q291,http://vocab.getty.edu/page/aat/300055933,
/m/0f0q9,Village,https://www.wikidata.org/entity/Q532,http://vocab.getty.edu/page/aat/300008372,
/m/0f0qy6,Protea family,https://www.wikidata.org/entity/Q2113460,,
/m/0f0w2,Gamecube,https://www.wikidata.org/entity/Q182172,,
/m/0f0wvs,Nocilla,https://www.wikidata.org/entity/Q856883,,
/m/0f0x2,Gruyère cheese,https://www.wikidata.org/entity/Q2376488,,
/m/0f0xk,Limburger cheese,https://www.wikidata.org/entity/Q776025,,
/m/0f115,Charadriiformes,https://www.wikidata.org/entity/Q26226431,,
/m/0f1bg,Luke skywalker,https://www.wikidata.org/entity/Q51746,,
/m/0f1gc,Puffin,https://www.wikidata.org/entity/Q311761,http://vocab.getty.edu/page/aat/300252276,
/m/0f1h8,Auk,https://www.wikidata.org/entity/Q28294,http://vocab.getty.edu/page/aat/300310550,
/m/0f1mq,Dragonflies and damseflies,https://www.wikidata.org/entity/Q25375,http://vocab.getty.edu/page/aat/300310476,
/m/0f1pg,Peccary,https://www.wikidata.org/entity/Q232866,,
/m/0f1q_z,Queue,https://www.wikidata.org/entity/Q182461,,
/m/0f1qdl,Eastern catalpa,https://www.wikidata.org/entity/Q163831,http://vocab.getty.edu/page/aat/300343901,
/m/0f1qpk,Maserati 200s,,,
/m/0f1tz,Calligraphy,https://www.wikidata.org/entity/Q12681,http://vocab.getty.edu/page/aat/300053162,http://www.iconclass.org/rkd/49L4/
/m/0f1vbh,Groundsnake,https://www.wikidata.org/entity/Q3021047,,
/m/0f1ykd,Slimy Salamander,https://www.wikidata.org/entity/Q1416849,,
/m/0f25_t,Camellia sasanqua,,,
/m/0f25t7,Bird food,https://www.wikidata.org/entity/Q471236,,
/m/0f25w9,Chicken meat,https://www.wikidata.org/entity/Q780,,http://www.iconclass.org/rkd/34B232/
/m/0f26z1,Jaguar xjr-14,,,
/m/0f28m,Symmetry,https://www.wikidata.org/entity/Q12485,,
/m/0f2_z_,Speed-ball,https://www.wikidata.org/entity/Q1117866,,
/m/0f2b9,Champagne,https://www.wikidata.org/entity/Q134862,,
/m/0f2f14,Popcorn maker,https://www.wikidata.org/entity/Q3509140,http://vocab.getty.edu/page/aat/300200802,
/m/0f2f9,Television program,https://www.wikidata.org/entity/Q15416,http://vocab.getty.edu/page/aat/300263432,
/m/0f2j8,Touladi,https://www.wikidata.org/entity/Q469946,,
/m/0f2lgf,Sole meunière,https://www.wikidata.org/entity/Q10749957,,
/m/0f2mbx,Blue violet,https://www.wikidata.org/entity/Q1077055,,
/m/0f2nzn,Guinness,https://www.wikidata.org/entity/Q194297,,
/m/0f2rmf,Sugar puffs,https://www.wikidata.org/entity/Q1140959,,
/m/0f2vj2,Eumeces,,,
/m/0f2wgs,Mekhong,https://www.wikidata.org/entity/Q41179,,
/m/0f2y0,Darth vader,https://www.wikidata.org/entity/Q12206942,,
/m/0f30yl,Mitsubishi dignity,,,
/m/0f32jg,Mitsubishi proudia,,,
/m/0f339h,Portuguese pointer,,,
/m/0f345s,Davidson's Plum,https://www.wikidata.org/entity/Q2039236,,
/m/0f35r8,Tesla roadster,,,
/m/0f35w,Multi-sport event,https://www.wikidata.org/entity/Q167170,,
/m/0f375,Baboon,https://www.wikidata.org/entity/Q159429,http://vocab.getty.edu/page/aat/300255548,
/m/0f382,Fouquieria,https://www.wikidata.org/entity/Q133229,,
/m/0f399,Herbicide,https://www.wikidata.org/entity/Q178266,http://vocab.getty.edu/page/aat/300014852,
/m/0f3_n,Madder family,https://www.wikidata.org/entity/Q156569,http://vocab.getty.edu/page/aat/300374967,
/m/0f3fd6,Steel-cut oats,https://www.wikidata.org/entity/Q7605615,,
/m/0f3ftg,Finger lime,https://www.wikidata.org/entity/Q141953,,
/m/0f3k6,Colobus,,,
/m/0f3mkb,Handheld television,https://www.wikidata.org/entity/Q2394898,,
/m/0f3qzk,Maserati 150s,,,
/m/0f3s6,Cornales,https://www.wikidata.org/entity/Q21769,http://vocab.getty.edu/page/aat/300343904,
/m/0f3wg7,Banchan,https://www.wikidata.org/entity/Q716245,,
/m/0f3wh8,Smirk,https://www.wikidata.org/entity/Q12142650,,
/m/0f3zmw,Banana ketchup,https://www.wikidata.org/entity/Q3907811,,
/m/0f419z,Roti tissue,https://www.wikidata.org/entity/Q7370546,,
/m/0f41_h,Pasembur,https://www.wikidata.org/entity/Q2835232,,
/m/0f41s6,Mie goreng,https://www.wikidata.org/entity/Q1188729,,
/m/0f42y,Titan arum,https://www.wikidata.org/entity/Q431224,,
/m/0f4345,Western hognose Snake,https://www.wikidata.org/entity/Q1441196,,
/m/0f447,Gothic architecture,https://www.wikidata.org/entity/Q176483,,
/m/0f454,Rubus,https://www.wikidata.org/entity/Q23925140,,
/m/0f45jf,Renault Étoile filante,,,
/m/0f45l,Steppe,https://www.wikidata.org/entity/Q123991,http://vocab.getty.edu/page/aat/300386995,
/m/0f48p,Amphitheatre,https://www.wikidata.org/entity/Q54831,http://vocab.getty.edu/page/aat/300007128,
/m/0f4d0q,Gazania,https://www.wikidata.org/entity/Q4689993,,
/m/0f4ns0,Jensen 541r,,,
/m/0f4p9,Kart racing,https://www.wikidata.org/entity/Q192420,,
/m/0f4s2w,Vegetable,https://www.wikidata.org/entity/Q11004,,http://www.iconclass.org/rkd/41C652/
/m/0f4s6,Breadfruit,https://www.wikidata.org/entity/Q14677,,
/m/0f4slk,Fretsaw,https://www.wikidata.org/entity/Q853756,http://vocab.getty.edu/page/aat/300150881,
/m/0f4t2,Dicotyledon,https://www.wikidata.org/entity/Q8316,,
/m/0f531,Pudelpointer,https://www.wikidata.org/entity/Q38930,,
/m/0f54r,Stingray,https://www.wikidata.org/entity/Q5328202,,
/m/0f571,Diaper,https://www.wikidata.org/entity/Q187359,,
/m/0f57j,Evergreen Bagworm,https://www.wikidata.org/entity/Q5417256,,
/m/0f5cl,Grand prix motorcycle racing,https://www.wikidata.org/entity/Q850292,,
/m/0f5f8,Cocoa bean,https://www.wikidata.org/entity/Q208008,,
/m/0f5gc_,Banana leaf rice,https://www.wikidata.org/entity/Q2841189,,
/m/0f5gs,Reinforced concrete,https://www.wikidata.org/entity/Q184190,http://vocab.getty.edu/page/aat/300010775,
/m/0f5jp,Vesak,https://www.wikidata.org/entity/Q215700,http://vocab.getty.edu/page/aat/300264564,
/m/0f5jxq,Nasi dagang,https://www.wikidata.org/entity/Q3234514,,
/m/0f5lx,Military aircraft,https://www.wikidata.org/entity/Q216916,http://vocab.getty.edu/page/aat/300220415,
/m/0f5mx3,Fiat 500 (2007),,,
/m/0f5zw,Fairy,https://www.wikidata.org/entity/Q8028,,http://www.iconclass.org/rkd/31A4581/
/m/0f6gb2,Gateball,https://www.wikidata.org/entity/Q1148950,,
/m/0f6kt3,Northern bayberry,https://www.wikidata.org/entity/Q3331585,,
/m/0f6mr,Triceratops,https://www.wikidata.org/entity/Q14384,,
/m/0f6nr,Unicycle,https://www.wikidata.org/entity/Q223924,http://vocab.getty.edu/page/aat/300259013,http://www.iconclass.org/rkd/46C1253/
/m/0f6p6,Mountain unicycling,https://www.wikidata.org/entity/Q6925591,,
/m/0f6pl,Trolleybus,https://www.wikidata.org/entity/Q5639,http://vocab.getty.edu/page/aat/300220343,
/m/0f6rkr,Devil's bridge,https://www.wikidata.org/entity/Q445800,,
/m/0f6rw2,Fissure vent,https://www.wikidata.org/entity/Q2143039,,
/m/0f6ry4,Packard 180,,,
/m/0f6wt,Falcon,,,
/m/0f6x8,Bird of prey,https://www.wikidata.org/entity/Q48428,,
/m/0f70b4,Seafood boil,https://www.wikidata.org/entity/Q7440363,,
/m/0f72b3,Crab boil,https://www.wikidata.org/entity/Q5180236,,
/m/0f748,Apron,https://www.wikidata.org/entity/Q273831,http://vocab.getty.edu/page/aat/300258453,http://www.iconclass.org/rkd/41D2321/
/m/0f7987,Brouwerij bosteels,https://www.wikidata.org/entity/Q2791168,,
/m/0f7bzd,Rain barrel,https://www.wikidata.org/entity/Q14552508,,
/m/0f7cb,Opal,https://www.wikidata.org/entity/Q171058,http://vocab.getty.edu/page/aat/300011129,
/m/0f7chl,Viru valge,https://www.wikidata.org/entity/Q3269196,,
/m/0f7gf,Citric acid,https://www.wikidata.org/entity/Q159683,http://vocab.getty.edu/page/aat/300266474,
/m/0f7h3j,Austin 12,,,
/m/0f7kfd,Auto race,https://www.wikidata.org/entity/Q5386,http://vocab.getty.edu/page/aat/300379178,http://www.iconclass.org/rkd/43C2134/
/m/0f7lhk,Chevrolet townsman,,,
/m/0f7llb,Chevrolet kingswood,,,
/m/0f7mgp,Bookmark,https://www.wikidata.org/entity/Q1065044,http://vocab.getty.edu/page/aat/300235760,
/m/0f7ps,Rc cola,https://www.wikidata.org/entity/Q1342742,,
/m/0f7qcx,Packard super eight,,,
/m/0f7rp,Root beer,https://www.wikidata.org/entity/Q36275,,
/m/0f7sw,Cicada,,,
/m/0f7swz,Fårikål,https://www.wikidata.org/entity/Q890360,,
/m/0f7tld,Ghungroo,https://www.wikidata.org/entity/Q2746062,,
/m/0f7vt7,Hartmann neuron,https://www.wikidata.org/entity/Q11695463,,
/m/0f7wh3,Yellow curry,https://www.wikidata.org/entity/Q11066473,,
/m/0f828h,Birkin bag,https://www.wikidata.org/entity/Q865677,,
/m/0f85g,Basilica,https://www.wikidata.org/entity/Q163687,http://vocab.getty.edu/page/aat/300170443,
/m/0f869q,Zil-112 sports,,,
/m/0f872t,Mercedes-benz 260 d,,,
/m/0f875y,Nanchang j-12,https://www.wikidata.org/entity/Q1079914,,
/m/0f8_k,Termite,https://www.wikidata.org/entity/Q546583,http://vocab.getty.edu/page/aat/300310487,
/m/0f8b3l,Patra,https://www.wikidata.org/entity/Q7145204,,
/m/0f8cd2,Rotorcraft,https://www.wikidata.org/entity/Q949801,http://vocab.getty.edu/page/aat/300220418,
/m/0f8f80,Cattleya labiata,,,
/m/0f8gwm,Two-liter bottle,https://www.wikidata.org/entity/Q7858729,,
/m/0f8s22,Chime,https://www.wikidata.org/entity/Q1170409,,
/m/0f8sw,Cherry,https://www.wikidata.org/entity/Q196,http://vocab.getty.edu/page/aat/300440730,
/m/0f8vz4,Truck racing,https://www.wikidata.org/entity/Q948043,,
/m/0f8w90,Chasmanthe,,,
/m/0f8ym,Amish,https://www.wikidata.org/entity/Q104444,http://vocab.getty.edu/page/aat/300022019,
/m/0f9400,Tofaş Şahin,https://www.wikidata.org/entity/Q851687,,
/m/0f969h,Oberheim ob-xa,https://www.wikidata.org/entity/Q956076,,
/m/0f96h,Trombonist,,,
/m/0f96x8,Cuisine classique,https://www.wikidata.org/entity/Q249277,,
/m/0f99t,Tonkatsu,https://www.wikidata.org/entity/Q1142841,,
/m/0f9_l,Snail,https://www.wikidata.org/entity/Q308841,,
/m/0f9bbq,Georges Bank flounder,https://www.wikidata.org/entity/Q1071815,,
/m/0f9kh,Dew,https://www.wikidata.org/entity/Q41097,http://vocab.getty.edu/page/aat/300073061,
/m/0f9l14,Smaland hound,https://www.wikidata.org/entity/Q38738,,
/m/0f9lf,Newt,https://www.wikidata.org/entity/Q10980893,,
/m/0f9lr8,Thai fried rice,https://www.wikidata.org/entity/Q4922489,,
/m/0f9n3,Ginger,,,
/m/0f9p0f,Greater galangal,,,
/m/0f9qdc,Cdj,https://www.wikidata.org/entity/Q2249095,,
/m/0f9qq,Goldwasser,https://www.wikidata.org/entity/Q836692,,
/m/0f9rmd,Avocado oil,https://www.wikidata.org/entity/Q2918735,,
/m/0f9s4s,Ski helmet,https://www.wikidata.org/entity/Q4144628,,
/m/0f9svp,Dutch baby pancake,https://www.wikidata.org/entity/Q5317422,,
/m/0f9swq,Chin,,,
/m/0f9tj,Technical drawing,https://www.wikidata.org/entity/Q192521,http://vocab.getty.edu/page/aat/300034789,
/m/0f_10p,Scoop,https://www.wikidata.org/entity/Q935923,,
/m/0f_4g0,Roller cone bit,https://www.wikidata.org/entity/Q12085805,,
/m/0f_567,Pla ra,https://www.wikidata.org/entity/Q467545,,
/m/0f_78,Paratrooper,https://www.wikidata.org/entity/Q749387,,
/m/0f_7y7,Reactable,https://www.wikidata.org/entity/Q2473977,,
/m/0f_82h,Isuzu giga,,,
/m/0f_8ck,Paya,https://www.wikidata.org/entity/Q10804376,,
/m/0f__y6,Red cooking,https://www.wikidata.org/entity/Q2915733,,
/m/0f_g6b,Artistic cycling,https://www.wikidata.org/entity/Q1792605,,
/m/0f_lsn,Toyota rsc,,,
/m/0f_m6,Coatimundi,https://www.wikidata.org/entity/Q754992,,
/m/0f_rsr,Holden vy commodore,,,
/m/0f_zzx,Volvo pv51-57,,,
/m/0fb1h8,Wrestling singlet,https://www.wikidata.org/entity/Q2153824,,
/m/0fbdb,Strawberries,https://www.wikidata.org/entity/Q14458220,http://vocab.getty.edu/page/aat/300375414,
/m/0fbdv,Shellfish,https://www.wikidata.org/entity/Q6501235,http://vocab.getty.edu/page/aat/300249710,
/m/0fbf1m,Terrestrial animal,https://www.wikidata.org/entity/Q3248864,,
/m/0fbf8,Molluscs,https://www.wikidata.org/entity/Q25326,http://vocab.getty.edu/page/aat/300266510,http://www.iconclass.org/rkd/25F72/
/m/0fbflw,Terrestrial plant,https://www.wikidata.org/entity/Q4671452,,
/m/0fbg0_,Fiberfab avenger gt,,,
/m/0fbhfs,Kuding,https://www.wikidata.org/entity/Q251514,,
/m/0fbm_g,Slopestyle,https://www.wikidata.org/entity/Q477500,,
/m/0fbmp,Slaughterhouse,https://www.wikidata.org/entity/Q385557,http://vocab.getty.edu/page/aat/300006354,
/m/0fbrr4,Freebord,https://www.wikidata.org/entity/Q516809,,
/m/0fbw6,Cabbage,https://www.wikidata.org/entity/Q35051,,
/m/0fc1fy,Black hair,https://www.wikidata.org/entity/Q1922956,,
/m/0fc_rc,Manakish,https://www.wikidata.org/entity/Q2636022,,
/m/0fcfl0,Smooth Earth Snake,https://www.wikidata.org/entity/Q3014576,,
/m/0fcgqx,Checkered Garter Snake,https://www.wikidata.org/entity/Q1458979,,
/m/0fclq7,Quaker instant oatmeal,https://www.wikidata.org/entity/Q2089240,,
/m/0fcny,Lockheed sr-71 blackbird,https://www.wikidata.org/entity/Q190114,,
/m/0fcp14,Shih-poo,https://www.wikidata.org/entity/Q38896,,
/m/0fczf,Nurse,,,
/m/0fd02,Registered nurse,,,
/m/0fd08g,Banded water snake,https://www.wikidata.org/entity/Q2065834,,
/m/0fd2m,Deacon,https://www.wikidata.org/entity/Q161944,http://vocab.getty.edu/page/aat/300025760,
/m/0fd2tg,Toaster strudel,https://www.wikidata.org/entity/Q7811424,,
/m/0fd4f,Postcard,https://www.wikidata.org/entity/Q192425,http://vocab.getty.edu/page/aat/300026816,
/m/0fd6q,Cash,https://www.wikidata.org/entity/Q693464,,
/m/0fdb3,Jeet kune do,https://www.wikidata.org/entity/Q188923,,
/m/0fdc63,Laelia albida,https://www.wikidata.org/entity/Q6470915,,
/m/0fdd7w,Panoz roadster,,,
/m/0fdfvv,Hopper barge,https://www.wikidata.org/entity/Q16523,,
/m/0fdl3h,Carpe diem,https://www.wikidata.org/entity/Q190273,,
/m/0fdmgq,Ford fairlane 500 skyliner,,,
/m/0fdn3q,Lawn game,https://www.wikidata.org/entity/Q1296819,,
/m/0fdy0g,Barley water,https://www.wikidata.org/entity/Q397762,,
/m/0ff01m,Roti john,https://www.wikidata.org/entity/Q7370537,,
/m/0ff7dl,Fire screen,https://www.wikidata.org/entity/Q3578987,,http://www.iconclass.org/rkd/41B2131/
/m/0ffgfm,Caucasian cuisine,,,
/m/0ffhf,Donkey,,,
/m/0ffhy,Clam,https://www.wikidata.org/entity/Q1192868,,
/m/0ffjr,Personal protective equipment,https://www.wikidata.org/entity/Q1333024,http://vocab.getty.edu/page/aat/300209266,
/m/0ffqsq,Pegaso z-102,,,
/m/0fg019,Eye liner,https://www.wikidata.org/entity/Q8243409,,
/m/0fg0m,Peanut,https://www.wikidata.org/entity/Q37383,,
/m/0fg1yw,Oliebol,https://www.wikidata.org/entity/Q152536,,
/m/0fg34,Nurse uniform,https://www.wikidata.org/entity/Q858230,,
/m/0fg3h,School uniform,https://www.wikidata.org/entity/Q862633,,
/m/0fg66_,Vada,https://www.wikidata.org/entity/Q4007182,,
/m/0fg9n8,Mud Snake,https://www.wikidata.org/entity/Q517458,,
/m/0fg_4r,Moka pot,https://www.wikidata.org/entity/Q1054566,,
/m/0fg_n,Shampoo,https://www.wikidata.org/entity/Q180204,http://vocab.getty.edu/page/aat/300265588,
/m/0fgh8v,Cesky fousek,https://www.wikidata.org/entity/Q37666,,
/m/0fgh9k,Facel vega facel ii,,,
/m/0fgkh,Turquoise,https://www.wikidata.org/entity/Q165254,http://vocab.getty.edu/page/aat/300011164,
/m/0fglr0,Coconut macaroon,,,
/m/0fgq8s,Cowfish,https://www.wikidata.org/entity/Q664165,,
/m/0fgryj,Gray snapper,https://www.wikidata.org/entity/Q2717632,,
/m/0fgsq2,Art dealer,https://www.wikidata.org/entity/Q173950,http://vocab.getty.edu/page/aat/300379169,http://www.iconclass.org/rkd/48A831/
/m/0fgvxb,Bucium,https://www.wikidata.org/entity/Q518585,,
/m/0fh1cm,Boeuf à la mode,https://www.wikidata.org/entity/Q3641568,,
/m/0fh8qn,Learjet 35,https://www.wikidata.org/entity/Q667988,,
/m/0fh90p,Curry chicken noodles,,,
/m/0fh_tf,Ural-4320,,,
/m/0fh_v3,Wheat germ oil,https://www.wikidata.org/entity/Q720761,,
/m/0fhckn,Shotgun start,https://www.wikidata.org/entity/Q2648537,,
/m/0fhrwd,Strings,https://www.wikidata.org/entity/Q226673,,
/m/0fhs85,Ural-375d,,,
/m/0fhzqd,Galvanina,,,
/m/0fj05m,Zil-157,,,
/m/0fj52s,Carrot,https://www.wikidata.org/entity/Q81,,
/m/0fj8ng,Hyundai mega truck,,,
/m/0fj9bq,Western saloon,https://www.wikidata.org/entity/Q1422401,http://vocab.getty.edu/page/aat/300005171,
/m/0fj9f,Politician,https://www.wikidata.org/entity/Q82955,http://vocab.getty.edu/page/aat/300025474,
/m/0fjb1g,Roller sport,https://www.wikidata.org/entity/Q2164355,,
/m/0fjbnh,Hyundai new power truck,,,
/m/0fjfh,Capsicum,https://www.wikidata.org/entity/Q980700,,
/m/0fjgg,Black rat,https://www.wikidata.org/entity/Q106133,http://vocab.getty.edu/page/aat/300250596,
/m/0fjhjd,Zil 131,,,
/m/0fjjtq,Vienna horn,https://www.wikidata.org/entity/Q2568945,,
/m/0fjk1q,Chery a11,,,
/m/0fjkt,Tongue,,,
/m/0fjmjf,Polish boy,https://www.wikidata.org/entity/Q7209879,,
/m/0fjn8,Han solo,https://www.wikidata.org/entity/Q51802,,
/m/0fjqh,Northrop grumman e-2 hawkeye,https://www.wikidata.org/entity/Q223372,,
/m/0fjs0v,Studio monitor,https://www.wikidata.org/entity/Q543405,,
/m/0fjt2,Bandana,https://www.wikidata.org/entity/Q101444738,http://vocab.getty.edu/page/aat/300046122,
/m/0fjy1,Wildfire,https://www.wikidata.org/entity/Q169950,,
/m/0fk2v,Sorghum,https://www.wikidata.org/entity/Q12111,http://vocab.getty.edu/page/aat/300375529,
/m/0fkbys,Punchball,https://www.wikidata.org/entity/Q7259965,,
/m/0fkdq,Ophthalmology,https://www.wikidata.org/entity/Q161437,,http://www.iconclass.org/rkd/49G6181/
/m/0fkfk,Chewbacca,https://www.wikidata.org/entity/Q51803,,
/m/0fkjv,Sugarcane,https://www.wikidata.org/entity/Q36940,http://vocab.getty.edu/page/aat/300266451,
/m/0fkl00,Hyundai mighty,,,
/m/0fkl45,Digital photo frame,https://www.wikidata.org/entity/Q1077487,,
/m/0fklh,Memorial day,https://www.wikidata.org/entity/Q371781,,
/m/0fkm7,Obi-wan kenobi,https://www.wikidata.org/entity/Q51740,,
/m/0fknp4,Sorrel soup,https://www.wikidata.org/entity/Q2635144,,
/m/0fkpqk,Ting,https://www.wikidata.org/entity/Q297529,,
/m/0fkqd,Linen,https://www.wikidata.org/entity/Q1426327,http://vocab.getty.edu/page/aat/300014069,http://www.iconclass.org/rkd/47H11/
/m/0fkqzb,Morris commercial j4,,,
/m/0fkrk,Grass family,https://www.wikidata.org/entity/Q43238,http://vocab.getty.edu/page/aat/300343828,
/m/0fkrws,Morris commercial j-type,,,
/m/0fktr,Dairy (Business),https://www.wikidata.org/entity/Q637776,http://vocab.getty.edu/page/aat/300083012,
/m/0fkvtb,Dodge 330,,,
/m/0fkw0y,Motorized scooter,,,
/m/0fkw3,Flour,https://www.wikidata.org/entity/Q36465,http://vocab.getty.edu/page/aat/300389812,http://www.iconclass.org/rkd/41C61/
/m/0fkwjg,Commercial vehicle,https://www.wikidata.org/entity/Q580939,http://vocab.getty.edu/page/aat/300227881,
/m/0fkxq5,Vuvuzela,https://www.wikidata.org/entity/Q83266,,
/m/0fky4v,Casa noble,https://www.wikidata.org/entity/Q5047857,,
/m/0fl3p,Rhubarb,https://www.wikidata.org/entity/Q7535,,
/m/0fl887,Braque du bourbonnais,https://www.wikidata.org/entity/Q37632,,
/m/0fl9gg,Thor,https://www.wikidata.org/entity/Q42952,,
/m/0flc32,Renault sherpa 2,https://www.wikidata.org/entity/Q3425091,,
/m/0fldg,Mango,https://www.wikidata.org/entity/Q169,http://vocab.getty.edu/page/aat/300266436,
/m/0flfpd,Evening stock,https://www.wikidata.org/entity/Q937724,,
/m/0flg6,Root,https://www.wikidata.org/entity/Q41500,http://vocab.getty.edu/page/aat/300400480,
/m/0flgl2,Volkswagen tiguan,,,
/m/0flk99,See-through clothing,https://www.wikidata.org/entity/Q7445455,,
/m/0fll5p,Coca-cola light sango,https://www.wikidata.org/entity/Q3657572,,
/m/0flqc7,Bocconcini,https://www.wikidata.org/entity/Q1407848,,
/m/0flsmt,Bolillo,https://www.wikidata.org/entity/Q4939444,,
/m/0flt3t,Mollete,https://www.wikidata.org/entity/Q549980,,
/m/0fly7,Jeans,https://www.wikidata.org/entity/Q83363,http://vocab.getty.edu/page/aat/300209918,
/m/0fm0p,Yuca,https://www.wikidata.org/entity/Q83124,http://vocab.getty.edu/page/aat/300375548,
/m/0fm3zh,Flowerpot,https://www.wikidata.org/entity/Q869381,http://vocab.getty.edu/page/aat/300194749,
/m/0fm5y3,Renault samsung sm3,,,
/m/0fmcx_,Crane vessel (floating),https://www.wikidata.org/entity/Q970092,,
/m/0fmgyw,Hooded skunk,https://www.wikidata.org/entity/Q1068616,,
/m/0fmh8s,Hard-leaved pocket orchid,https://www.wikidata.org/entity/Q1942763,,
/m/0fmnf5,Compact van,https://www.wikidata.org/entity/Q5155324,,
/m/0fmrlk,Dolichopodidae,https://www.wikidata.org/entity/Q1582901,,
/m/0fmt3x,Breakfast roll,https://www.wikidata.org/entity/Q4959488,,
/m/0fmtd,Puppet,,,
/m/0fmwsq,Caldeirada,https://www.wikidata.org/entity/Q2769472,,
/m/0fmxvb,Opel kapitän,,,
/m/0fmxwd,Ferrari 159 s,,,
/m/0fmzb3,Trip computer,https://www.wikidata.org/entity/Q893388,,
/m/0fn3z,Calamondin,https://www.wikidata.org/entity/Q849387,,
/m/0fn4p7,Nasa ad-1,https://www.wikidata.org/entity/Q1411410,,
/m/0fn6pt,Phyllobates,https://www.wikidata.org/entity/Q53750,,
/m/0fncmx,Tenori-on,https://www.wikidata.org/entity/Q1258456,,
/m/0fnfql,Ajika,https://www.wikidata.org/entity/Q378283,,
/m/0fnfy,Apricot,https://www.wikidata.org/entity/Q3733836,,
/m/0fnm6j,Honduran cuisine,https://www.wikidata.org/entity/Q843526,,
/m/0fnnk8,Moskvitch,https://www.wikidata.org/entity/Q36044,,
/m/0fnpgr,Hericium erinaceus,https://www.wikidata.org/entity/Q6555337,,
/m/0fnpj,Keyboard player,,,
/m/0fnqb,Clarinetist,,,
/m/0fnrbc,Solar panel,,,
/m/0fnxj,Quarterstaff,https://www.wikidata.org/entity/Q1154477,http://vocab.getty.edu/page/aat/300230287,
/m/0fny9n,Yaksik,https://www.wikidata.org/entity/Q705123,,
/m/0fp5h,Plum,,,
/m/0fp5sh,Okinawan cuisine,https://www.wikidata.org/entity/Q41927,,
/m/0fp6w,Pineapple,https://www.wikidata.org/entity/Q1493,http://vocab.getty.edu/page/aat/300375582,
/m/0fp7c,Hawk,https://www.wikidata.org/entity/Q846664,http://vocab.getty.edu/page/aat/300379800,
/m/0fp_sx,Ferrari 195 s,,,
/m/0fpdgl,Human settlement,https://www.wikidata.org/entity/Q486972,http://vocab.getty.edu/page/aat/300008347,
/m/0fpgyk1,Punched pocket,https://www.wikidata.org/entity/Q476492,,
/m/0fphgp,Planer,https://www.wikidata.org/entity/Q2098107,,
/m/0fpj8mm,Mysida,https://www.wikidata.org/entity/Q13411080,,
/m/0fpjlj9,Garden roses,https://www.wikidata.org/entity/Q64140922,,
/m/0fpjpt,Lacustrine plain,https://www.wikidata.org/entity/Q6469154,,
/m/0fpp0g,Monoskiing,,,
/m/0fppz4,Sweet potato pie,https://www.wikidata.org/entity/Q3246340,,
/m/0fptkh,Dewoitine d.371,https://www.wikidata.org/entity/Q1207183,,
/m/0fpzxm,Ferrari 166 inter,,,
/m/0fq04wx,Tadpole,https://www.wikidata.org/entity/Q168525,,
/m/0fq05ym,Tesla model x,,,
/m/0fq0crf,Club chair,https://www.wikidata.org/entity/Q458771,http://vocab.getty.edu/page/aat/300037825,
/m/0fq0fnf,Plank,https://www.wikidata.org/entity/Q113145,,
/m/0fq0t_c,Music artist,,,
/m/0fq14m2,Banana powder,https://www.wikidata.org/entity/Q4853868,,
/m/0fq15,European robin,https://www.wikidata.org/entity/Q25334,,
/m/0fq1l67,Crawling,https://www.wikidata.org/entity/Q15733319,,
/m/0fq1zm,Pie and peas,https://www.wikidata.org/entity/Q7191334,,
/m/0fq22vb,Exhibition,https://www.wikidata.org/entity/Q464980,http://vocab.getty.edu/page/aat/300054766,
/m/0fq2bn9,Northern Checkerspot,https://www.wikidata.org/entity/Q2964169,,
/m/0fq9h1,Fiberfab valkyrie,,,
/m/0fq_j,Nunchaku,https://www.wikidata.org/entity/Q204206,,
/m/0fq_pr,Jon boat,https://www.wikidata.org/entity/Q6271805,,
/m/0fqd9j,Lei cha,https://www.wikidata.org/entity/Q3972344,,
/m/0fqfqc,Drawer,https://www.wikidata.org/entity/Q223575,http://vocab.getty.edu/page/aat/300040558,
/m/0fqkc_,Bokator,https://www.wikidata.org/entity/Q1394188,,
/m/0fql0,Taro,https://www.wikidata.org/entity/Q227997,,
/m/0fqlj,Lettuce,https://www.wikidata.org/entity/Q83193,,
/m/0fqm_,Dessert wine,https://www.wikidata.org/entity/Q1200945,,
/m/0fqq_84,Playstation vita,https://www.wikidata.org/entity/Q188808,,
/m/0fqrt41,Yaka mein,https://www.wikidata.org/entity/Q8047029,,
/m/0fqt361,Stool,https://www.wikidata.org/entity/Q7619639,,
/m/0fqtq,Chickpea,https://www.wikidata.org/entity/Q81375,http://vocab.getty.edu/page/aat/300375533,
/m/0fr19,Dandelion,https://www.wikidata.org/entity/Q30024,,
/m/0fr81,Tgv,https://www.wikidata.org/entity/Q129337,http://vocab.getty.edu/page/aat/300228878,
/m/0fr_mv,Vierendeel bridge,https://www.wikidata.org/entity/Q950758,,
/m/0frq6,Pork,https://www.wikidata.org/entity/Q191768,,
/m/0frqg3,Basketball (Ball),https://www.wikidata.org/entity/Q5372,http://vocab.getty.edu/page/aat/300222729,
/m/0frqm,Envelope,https://www.wikidata.org/entity/Q170124,http://vocab.getty.edu/page/aat/300197601,
/m/0frrt7,Ferrari monza,,,
/m/0frtt,Cranes-bill,https://www.wikidata.org/entity/Q157211,,
/m/0frv7,Geranium cinereum,https://www.wikidata.org/entity/Q1276293,,
/m/0frzhw,Soy egg,https://www.wikidata.org/entity/Q925359,,
/m/0fs0gh,Juniper berry,https://www.wikidata.org/entity/Q3251025,,
/m/0fs4v1,Puliyogare,https://www.wikidata.org/entity/Q3764136,,
/m/0fs5bd,Movax,https://www.wikidata.org/entity/Q6926462,,
/m/0fs5q7,Rolls-royce 20/25,,,
/m/0fs6v,Rambutan,https://www.wikidata.org/entity/Q476864,,
/m/0fs7v0,Mexican petunia,https://www.wikidata.org/entity/Q1902176,,
/m/0fs81,Przewalski's horse,https://www.wikidata.org/entity/Q22712,http://vocab.getty.edu/page/aat/300265968,
/m/0fs8kq,Cottage hospital,https://www.wikidata.org/entity/Q1637680,http://vocab.getty.edu/page/aat/300006678,
/m/0fs90,Drupe,https://www.wikidata.org/entity/Q14712,http://vocab.getty.edu/page/aat/300266437,
/m/0fs_r1,Daimler ds420,,,
/m/0fsbk0,Health care provider,,,
/m/0fsbr,Tapioca,https://www.wikidata.org/entity/Q873761,http://vocab.getty.edu/page/aat/300012960,
/m/0fscp,Sago,https://www.wikidata.org/entity/Q218778,,
/m/0fsdks,Laulau,https://www.wikidata.org/entity/Q2561177,,
/m/0fsg8,Harrier (Dog),https://www.wikidata.org/entity/Q257003,,
/m/0fshs,Fawn lily,,,
/m/0fsj4,Erythronium 'pagoda',https://www.wikidata.org/entity/Q5396490,,
/m/0fsjh,Antler,https://www.wikidata.org/entity/Q834007,http://vocab.getty.edu/page/aat/300395687,
/m/0fsl8,Einkorn wheat,https://www.wikidata.org/entity/Q161397,,
/m/0fsnf,Nematode,https://www.wikidata.org/entity/Q5185,http://vocab.getty.edu/page/aat/300310241,
/m/0fss11,Mercury cyclone,,,
/m/0fss2f,Curtido,https://www.wikidata.org/entity/Q5195625,,
/m/0fswb,Predation,https://www.wikidata.org/entity/Q170430,,
/m/0fsx5,Palm oil,https://www.wikidata.org/entity/Q231458,http://vocab.getty.edu/page/aat/300390962,
/m/0fszt,Cake,https://www.wikidata.org/entity/Q13276,http://vocab.getty.edu/page/aat/300255019,
/m/0fszvh,Tapai,https://www.wikidata.org/entity/Q5259142,,
/m/0ft3cs,Jasione,https://www.wikidata.org/entity/Q245982,,
/m/0ft3n6,Burr truss,https://www.wikidata.org/entity/Q1016889,http://vocab.getty.edu/page/aat/300001901,
/m/0ft9s,Dragonfly,https://www.wikidata.org/entity/Q80066,,
/m/0ftb8,Common sunflower,https://www.wikidata.org/entity/Q171497,,
/m/0ftbs,Blueberry,https://www.wikidata.org/entity/Q13178,,
/m/0ftdwy,Footprint,https://www.wikidata.org/entity/Q2562511,http://vocab.getty.edu/page/aat/300263476,
/m/0ftf13,Playset,https://www.wikidata.org/entity/Q7203534,,
/m/0ftjdm,Mitsubishi freeca,,,
/m/0ftjv8,Bolwell nagari,,,
/m/0ftqq9,Holden ve commodore,,,
/m/0ftx68,Scottish cuisine,https://www.wikidata.org/entity/Q1897293,,
/m/0fv5b6,Fiat turbina,,,
/m/0fv_c6,Dubonnet,https://www.wikidata.org/entity/Q266349,,
/m/0fvfk_,Tracking trial,,,
/m/0fvj76,American aspen,https://www.wikidata.org/entity/Q469576,http://vocab.getty.edu/page/aat/300375462,
/m/0fvjds,New Mexico maple,https://www.wikidata.org/entity/Q540650,,
/m/0fvjp2,Fiat 1400,,,
/m/0fvjvr,Fiat 2800,,,
/m/0fvld_,Cuchifritos,https://www.wikidata.org/entity/Q3847532,,
/m/0fvmpz,Fiat 509,,,
/m/0fvndp,Fiat 2300,,,
/m/0fvxl2,Noble m15,,,
/m/0fw68,Soap,https://www.wikidata.org/entity/Q34396,http://vocab.getty.edu/page/aat/300014329,http://www.iconclass.org/rkd/31A5461/
/m/0fw86,Tap dance,https://www.wikidata.org/entity/Q244475,http://vocab.getty.edu/page/aat/300162569,
/m/0fw8bz,Fiat 514,,,
/m/0fw8g3,Fiat 518,,,
/m/0fw96y,Sargassumfish,https://www.wikidata.org/entity/Q1113162,,
/m/0fw9d,Fig,https://www.wikidata.org/entity/Q59798,http://vocab.getty.edu/page/aat/300343906,
/m/0fwd9h,Caramel shortbread,https://www.wikidata.org/entity/Q617216,,
/m/0fx65,Gentiana,https://www.wikidata.org/entity/Q144682,,
/m/0fx6n,Stemless gentian,https://www.wikidata.org/entity/Q163785,,
/m/0fx72,Airship,https://www.wikidata.org/entity/Q133585,http://vocab.getty.edu/page/aat/300045539,http://www.iconclass.org/rkd/46C35/
/m/0fx7_,Good friday,https://www.wikidata.org/entity/Q40317,http://vocab.getty.edu/page/aat/300069634,http://www.iconclass.org/rkd/11Q7626/
/m/0fx80y,Plucked string instruments,https://www.wikidata.org/entity/Q230262,,
/m/0fx9k9,Mitsubishi galant gto,,,
/m/0fx9l,Microwave oven,https://www.wikidata.org/entity/Q127956,http://vocab.getty.edu/page/aat/300200798,
/m/0fxd6v,Pygmy slow loris,https://www.wikidata.org/entity/Q244239,,
/m/0fxhn,Bromeliaceae,https://www.wikidata.org/entity/Q156529,http://vocab.getty.edu/page/aat/300375585,
/m/0fxkgr,Toyota ae85,,,
/m/0fxnhn,Perro de presa mallorquin,https://www.wikidata.org/entity/Q37676,,
/m/0fxnkq,Moscow watchdog,https://www.wikidata.org/entity/Q38518,,
/m/0fxztn,Team penning,https://www.wikidata.org/entity/Q5686482,,
/m/0fy1y1,Elaeagnus multiflora,https://www.wikidata.org/entity/Q2139163,,
/m/0fy4lk,Bellini,https://www.wikidata.org/entity/Q21488941,,
/m/0fy5b,Cossacks,,,
/m/0fy6g_,Party bike,https://www.wikidata.org/entity/Q1480384,,
/m/0fy6hp,Armrest,https://www.wikidata.org/entity/Q2822867,,
/m/0fy6nv,Head restraint,https://www.wikidata.org/entity/Q938792,,
/m/0fy8cb,Short ribs,https://www.wikidata.org/entity/Q7502086,,
/m/0fy8r0,Center console,https://www.wikidata.org/entity/Q5059455,,
/m/0fy9k,Pride parade,https://www.wikidata.org/entity/Q51404,,
/m/0fy9p2,Mane,https://www.wikidata.org/entity/Q236022,,
/m/0fy__,Wax,https://www.wikidata.org/entity/Q124695,http://vocab.getty.edu/page/aat/300014585,
/m/0fyd3,Freckle,,,
/m/0fydkd,Araneus cavaticus,https://www.wikidata.org/entity/Q1306991,,
/m/0fykzy,Autobianchi a111,,,
/m/0fypwt,Lynchburg lemonade,https://www.wikidata.org/entity/Q6708481,,
/m/0fyrdj,Vaccinium arboreum,https://www.wikidata.org/entity/Q3249733,,
/m/0fyw9s,Fried onion,https://www.wikidata.org/entity/Q2202864,,
/m/0fywjk,Jig grinder,https://www.wikidata.org/entity/Q17135804,,
/m/0fz0h,Honeycomb,https://www.wikidata.org/entity/Q123339,,http://www.iconclass.org/rkd/47I2421/
/m/0fz0z,Honeybee,https://www.wikidata.org/entity/Q102857,http://vocab.getty.edu/page/aat/300375640,
/m/0fz45h,Plum pine,https://www.wikidata.org/entity/Q2504953,,
/m/0fz4cp,Riberry,https://www.wikidata.org/entity/Q159406,,
/m/0fz4q,Louse,https://www.wikidata.org/entity/Q6481228,,
/m/0fz4zl,Dogo guatemalteco,,,
/m/0fz53g,Broholmer,https://www.wikidata.org/entity/Q37737,,
/m/0fz5cq,Autobianchi stellina,,,
/m/0fzb8x,Bracco italiano,https://www.wikidata.org/entity/Q476897,,
/m/0fzqss,Cichla,,,
/m/0fzyg,Aviation,https://www.wikidata.org/entity/Q765633,http://vocab.getty.edu/page/aat/300193782,http://www.iconclass.org/rkd/46C3/
/m/0fzz6j,Isuzu forward,,,
/m/0g02dr,Toyota isis,,,
/m/0g02q,Courthouse,https://www.wikidata.org/entity/Q1137809,http://vocab.getty.edu/page/aat/300005969,http://www.iconclass.org/rkd/44G121/
/m/0g03wb,Toyota porte,,,
/m/0g03wp,Toyota succeed,,,
/m/0g03x0,Toyota probox,,,
/m/0g03yf,Toyota sienta,,,
/m/0g03z3,Toyota brevis,,,
/m/0g0566,Diamond da42,https://www.wikidata.org/entity/Q370418,,
/m/0g07j,Baklava,https://www.wikidata.org/entity/Q187495,,
/m/0g0c5q,Chrysler atlantic,,,
/m/0g0dy,Strait,https://www.wikidata.org/entity/Q37901,http://vocab.getty.edu/page/aat/300266559,
/m/0g0rch,Danish swedish farmdog,https://www.wikidata.org/entity/Q29127,,
/m/0g0vg,Aggression,,,
/m/0g0vx,Farmer,https://www.wikidata.org/entity/Q131512,http://vocab.getty.edu/page/aat/300025607,http://www.iconclass.org/rkd/46A14/
/m/0g0y_,Sunflower seed,https://www.wikidata.org/entity/Q1076906,,
/m/0g0zc,Water buffalo,https://www.wikidata.org/entity/Q42710,,
/m/0g12jb,Nissan civilian,,,
/m/0g13ls,Hyundai county,,,
/m/0g154l,Pocosin,https://www.wikidata.org/entity/Q688784,,
/m/0g1b_t,Limnephilidae,,,
/m/0g1bxp,Leptidea,https://www.wikidata.org/entity/Q8032284,,
/m/0g1f46,Coffee substitute,https://www.wikidata.org/entity/Q1147571,,
/m/0g1fdw,Pork loin,https://www.wikidata.org/entity/Q7230136,,
/m/0g1kn,Molasses,https://www.wikidata.org/entity/Q154389,http://vocab.getty.edu/page/aat/300266452,
/m/0g1pf,Teff,https://www.wikidata.org/entity/Q843942,,
/m/0g22xs,Ivory (Color),https://www.wikidata.org/entity/Q82001,http://vocab.getty.edu/page/aat/300011857,
/m/0g23wx,Indian passport,https://www.wikidata.org/entity/Q1285406,,
/m/0g244,Osage orange,https://www.wikidata.org/entity/Q1066106,http://vocab.getty.edu/page/aat/300343657,
/m/0g24k,Sugar substitute,https://www.wikidata.org/entity/Q626292,,
/m/0g25k,Cedar,https://www.wikidata.org/entity/Q9213445,,
/m/0g27n,Resin,https://www.wikidata.org/entity/Q145205,http://vocab.getty.edu/page/aat/300012882,
/m/0g2bbv,Cowboy beans,https://www.wikidata.org/entity/Q5179571,,
/m/0g2bc,Drone,https://www.wikidata.org/entity/Q484000,,
/m/0g2d3,Serpent,https://www.wikidata.org/entity/Q441892,,
/m/0g2dz,Melodica,https://www.wikidata.org/entity/Q512191,http://vocab.getty.edu/page/aat/300265893,
/m/0g2f_s,Vorschmack,https://www.wikidata.org/entity/Q2395693,,
/m/0g2ff,Concertina,https://www.wikidata.org/entity/Q593050,http://vocab.getty.edu/page/aat/300042821,
/m/0g2k1,Natural disaster,https://www.wikidata.org/entity/Q8065,,
/m/0g2kpf,Mcmuffin,https://www.wikidata.org/entity/Q1075514,,
/m/0g2lsc,Nissan diesel quon,,,
/m/0g2mh3,Nissan diesel condor,,,
/m/0g2n9c,Lor mee,https://www.wikidata.org/entity/Q5678787,,
/m/0g2rqf,Triumph roadster,,,
/m/0g2vc,Observatory,https://www.wikidata.org/entity/Q62832,http://vocab.getty.edu/page/aat/300007680,http://www.iconclass.org/rkd/49E111/
/m/0g2x4,Reed,https://www.wikidata.org/entity/Q7585483,,
/m/0g2xhp,Toyota motor triathlon race car,,,
/m/0g2z8,Fog,https://www.wikidata.org/entity/Q37477,http://vocab.getty.edu/page/aat/300055374,http://www.iconclass.org/rkd/26B1/
/m/0g2zmg,Saddle,https://www.wikidata.org/entity/Q192249,http://vocab.getty.edu/page/aat/300212972,
/m/0g35rh,Lotus 23,,,
/m/0g37rz,Spectre r42,,,
/m/0g38pq,Pancit malabon,https://www.wikidata.org/entity/Q7130378,,
/m/0g3bk3,Hyundai veracruz,,,
/m/0g3dv,Akita inu,https://www.wikidata.org/entity/Q29164,,
/m/0g3n24,Nissan hypermini,,,
/m/0g3nfj,Sea captain,https://www.wikidata.org/entity/Q849424,http://vocab.getty.edu/page/aat/300136377,
/m/0g3nz3,Sea aster,https://www.wikidata.org/entity/Q635916,,
/m/0g3t4n,Pallet jack,https://www.wikidata.org/entity/Q830071,,
/m/0g3wm,Cassowary,https://www.wikidata.org/entity/Q201231,http://vocab.getty.edu/page/aat/300395678,
/m/0g42sd,Chilean rodeo,https://www.wikidata.org/entity/Q1421697,,
/m/0g44q5,Malasada,https://www.wikidata.org/entity/Q3281551,,
/m/0g46r,Customs,https://www.wikidata.org/entity/Q182290,,
/m/0g4cd0,Tabby cat,https://www.wikidata.org/entity/Q1474329,,
/m/0g4fr,Papaya,https://www.wikidata.org/entity/Q34887,,
/m/0g4k1g,Simca vedette,,,
/m/0g4pl,Mbira,https://www.wikidata.org/entity/Q1467960,,
/m/0g4q3r,Spare ribs,https://www.wikidata.org/entity/Q1967823,,
/m/0g50gv,Audi coupé,,,
/m/0g52fl,Desert lime,https://www.wikidata.org/entity/Q50839729,,
/m/0g53cct,Lamborghini aventador,,,
/m/0g53dy3,Inka,https://www.wikidata.org/entity/Q229844,,
/m/0g54stn,Pine White,https://www.wikidata.org/entity/Q1346388,,
/m/0g54v5d,Military vehicle,https://www.wikidata.org/entity/Q1184840,http://vocab.getty.edu/page/aat/300227815,http://www.iconclass.org/rkd/45E3/
/m/0g55dfz,Savoy cabbage,https://www.wikidata.org/entity/Q154013,,
/m/0g57fyh,Small northern bog orchid,https://www.wikidata.org/entity/Q2704800,,
/m/0g57nsf,Chelonoidis,https://www.wikidata.org/entity/Q2080003,,
/m/0g59stb,Treibball,https://www.wikidata.org/entity/Q7837916,,
/m/0g59y7,Neer dosa,https://www.wikidata.org/entity/Q6986919,,
/m/0g5brx,Backhousia myrtifolia,https://www.wikidata.org/entity/Q4839673,,
/m/0g5m_y,Colomba di pasqua,https://www.wikidata.org/entity/Q2739119,,
/m/0g5pw87,Bibingka,https://www.wikidata.org/entity/Q4903057,,
/m/0g5pzh_,Saba banana,https://www.wikidata.org/entity/Q7395795,,
/m/0g5q9qw,Bomb shot,https://www.wikidata.org/entity/Q4940432,,
/m/0g5qb5_,Otamatone,https://www.wikidata.org/entity/Q7108425,,
/m/0g5r2l8,Lasiommata megera,https://www.wikidata.org/entity/Q1434652,,
/m/0g5rn36,Kkultarae,https://www.wikidata.org/entity/Q1078936,,
/m/0g5s7,Pea,https://www.wikidata.org/entity/Q25237,,
/m/0g5sb8j,Pin-back button,https://www.wikidata.org/entity/Q7132937,http://vocab.getty.edu/page/aat/300207332,
/m/0g5t67z,Githeri,https://www.wikidata.org/entity/Q5565095,,
/m/0g5z7f,Ford c-series,,,
