LabelName,DisplayName,wikidata,aat
/m/0987_ns,Video game software,,
/m/0987n4,Swamp hickory,https://www.wikidata.org/entity/Q879016,http://vocab.getty.edu/page/aat/300374951
/m/0988q4,Ruf ctr,,
/m/0988ty,Vanillekipferl,https://www.wikidata.org/entity/Q376845,
/m/098c8p,Drover,https://www.wikidata.org/entity/Q5308651,
/m/098dtj,Pisang goreng,https://www.wikidata.org/entity/Q108805606,
/m/098f9,Loris,https://www.wikidata.org/entity/Q3428868,
/m/098k3m,Gittern,https://www.wikidata.org/entity/Q516397,http://vocab.getty.edu/page/aat/300205494
/m/098lc9,Aesculus californica,https://www.wikidata.org/entity/Q540646,http://vocab.getty.edu/page/aat/300374895
/m/098m4z,Pacific Wax myrtle,,
/m/098m_8,White Admiral or Red spotted Purple,https://www.wikidata.org/entity/Q2661300,
/m/098pd,Landslide,https://www.wikidata.org/entity/Q167903,
/m/098qj7,Ruf rt 12,,
/m/098qsm,Paixiao,https://www.wikidata.org/entity/Q1134958,
/m/098rfq,Ruf 3400s,,
/m/098slz,Zha cai,https://www.wikidata.org/entity/Q1515130,
/m/098tnl,Bianzhong,https://www.wikidata.org/entity/Q133722,
/m/0992p0,Xiao,https://www.wikidata.org/entity/Q355641,
/m/0992v5,Danso,https://www.wikidata.org/entity/Q846109,
/m/099316,After shock,https://www.wikidata.org/entity/Q377951,
/m/0999ts,Ocean rowing,https://www.wikidata.org/entity/Q7076154,
/m/099cwp,Oyster omelette,https://www.wikidata.org/entity/Q710618,
/m/099fg9,Storekeeper,https://www.wikidata.org/entity/Q7619988,
/m/099fz,Sand,https://www.wikidata.org/entity/Q34679,http://vocab.getty.edu/page/aat/300014341
/m/099kpq,Dornier 328,https://www.wikidata.org/entity/Q937949,
/m/099lp,Drought,https://www.wikidata.org/entity/Q43059,http://vocab.getty.edu/page/aat/300055368
/m/099md,Soldier,https://www.wikidata.org/entity/Q4991371,http://vocab.getty.edu/page/aat/300185678
/m/099nfc,Lady Banks' rose,https://www.wikidata.org/entity/Q140415,
/m/099p0c,Garden salad,https://www.wikidata.org/entity/Q9266,
/m/099pj1,Hennessey viper venom 1000 twin turbo,https://www.wikidata.org/entity/Q4356639,
/m/099pqr,Salad niçoise,https://www.wikidata.org/entity/Q209486,
/m/099r5_,Dodge polara,,
/m/099rg3,Arizona Black tailed Prairie Dog,https://www.wikidata.org/entity/Q247142,
/m/099ssp,Platter,https://www.wikidata.org/entity/Q844219,
/m/099t47,Wushu,https://www.wikidata.org/entity/Q1166322,
/m/099tr_,Buick enclave,,
/m/099twy,Ans synthesizer,https://www.wikidata.org/entity/Q1970809,
/m/099wqn,Audi r10 tdi,,
/m/099xr,General atomics mq-1 predator,https://www.wikidata.org/entity/Q198024,
/m/099zf,Northrop grumman rq-4 global hawk,https://www.wikidata.org/entity/Q162066,
/m/09_0g6,Rock fishing,https://www.wikidata.org/entity/Q7354805,
/m/09_186,Citroën u23,,
/m/09_1qp,Bentley brooklands,,
/m/09_2bb,Curtained hair,https://www.wikidata.org/entity/Q23807845,
/m/09_32m,Medical technologist,,
/m/09_3x4,Sikorsky s-64 skycrane,https://www.wikidata.org/entity/Q1091524,
/m/09_4__,Zil-41047,,
/m/09_4vq,Claytonia,https://www.wikidata.org/entity/Q164192,
/m/09_5w7,Zis-101,,
/m/09_717,Zil-111,,
/m/09_7cw,Dodge charger,,
/m/09_7pp,Facel vega excellence,,
/m/09_818,Zil-114,,
/m/09_94,Nordic combined,https://www.wikidata.org/entity/Q201965,
/m/09_9gc,Northrop grumman mq-8 fire scout,https://www.wikidata.org/entity/Q1521501,
/m/09_9n,Ski jumping,https://www.wikidata.org/entity/Q7718,
/m/09_b4,Freestyle skiing,https://www.wikidata.org/entity/Q189472,
/m/09_bl,Short track speed skating,https://www.wikidata.org/entity/Q193654,
/m/09_g5d,Daimler 250,,
/m/09_hsh,Cuju,https://www.wikidata.org/entity/Q138208,
/m/09_j3b,Cruiseferry,https://www.wikidata.org/entity/Q3276983,
/m/09_mxk,Pomegranate juice,https://www.wikidata.org/entity/Q3567034,
/m/09_pt2,Dal bhat,https://www.wikidata.org/entity/Q929364,
/m/09_rjv,Moskvitch 400-420,,
/m/09_rtk,Water tank,https://www.wikidata.org/entity/Q6501028,http://vocab.getty.edu/page/aat/300006203
/m/09_s6_,Moskvitch 410,,
/m/09_sdx,Moskvitch 408,,
/m/09_snv,Moskvitch 412,,
/m/09_x1g,Shimada,,
/m/09b173,Blissus leucopterus,https://www.wikidata.org/entity/Q5100294,
/m/09b1k,Walt disney world,,
/m/09b5_s,Asian semi-longhair,https://www.wikidata.org/entity/Q7986,
/m/09b5b,Fertilizer,https://www.wikidata.org/entity/Q83323,http://vocab.getty.edu/page/aat/300015131
/m/09b5t,Chicken,https://www.wikidata.org/entity/Q780,
/m/09b732,Parkin,https://www.wikidata.org/entity/Q241123,
/m/09b7ls,Shuai jiao,https://www.wikidata.org/entity/Q280502,
/m/09b8tx,Plymouth gran fury,,
/m/09bd_,Porsche 914,,
/m/09bgd2,Leucaena,,
/m/09bgkl,Outlet store,https://www.wikidata.org/entity/Q76470,http://vocab.getty.edu/page/aat/300005356
/m/09bjpm,Smack,https://www.wikidata.org/entity/Q534146,
/m/09bjv3,Porsche 356/1,,
/m/09bkb,Solvent,,
/m/09bm6,Aai rq-7 shadow,https://www.wikidata.org/entity/Q286170,
/m/09bt6l,Sicklepod,https://www.wikidata.org/entity/Q1378803,
/m/09btpv,Nutrition facts label,https://www.wikidata.org/entity/Q1531970,
/m/09bvdf,Stephanotis,https://www.wikidata.org/entity/Q135537,
/m/09by2v,Toyota mark x,,
/m/09c02k,Binalot,https://www.wikidata.org/entity/Q4913849,
/m/09c2rm,Nissan nx,,
/m/09c4c1,Cutting tool,https://www.wikidata.org/entity/Q1760958,http://vocab.getty.edu/page/aat/300024662
/m/09c4j9,Beechcraft model 99,https://www.wikidata.org/entity/Q120323,
/m/09c5_,Tornado,https://www.wikidata.org/entity/Q8081,http://vocab.getty.edu/page/aat/300054738
/m/09cc0q,Biscuits and gravy,https://www.wikidata.org/entity/Q4917275,
/m/09cjl,Airport,https://www.wikidata.org/entity/Q1248784,http://vocab.getty.edu/page/aat/300000681
/m/09cl_z,Jeep patriot,,
/m/09clx2,Fried noodles,https://www.wikidata.org/entity/Q2221627,
/m/09cmq,Museum,https://www.wikidata.org/entity/Q33506,http://vocab.getty.edu/page/aat/300312281
/m/09cqt,Weasel,https://www.wikidata.org/entity/Q28521,http://vocab.getty.edu/page/aat/300310569
/m/09crqz,Humita,https://www.wikidata.org/entity/Q2665744,
/m/09crtg,Sagebrush lizard,https://www.wikidata.org/entity/Q943049,
/m/09csg_,Banded rock lizard,https://www.wikidata.org/entity/Q3200965,
/m/09csl,Eagle,https://www.wikidata.org/entity/Q2092297,http://vocab.getty.edu/page/aat/300250049
/m/09csvn,Core drill,https://www.wikidata.org/entity/Q6065042,
/m/09csy1,Alfa romeo alfetta,,
/m/09ct_,Helicopter,https://www.wikidata.org/entity/Q34486,http://vocab.getty.edu/page/aat/300212771
/m/09cvst,Scene,,
/m/09cx8,Finger,,
/m/09cynt,Convention,https://www.wikidata.org/entity/Q225862,
/m/09d0fn,Pogonia,https://www.wikidata.org/entity/Q15945550,
/m/09d2n,Lava,https://www.wikidata.org/entity/Q40157,http://vocab.getty.edu/page/aat/300011249
/m/09d3kz,Boreal Toad,https://www.wikidata.org/entity/Q2191167,
/m/09d3pz,Red spotted Toad,https://www.wikidata.org/entity/Q28032079,
/m/09d54j,Western Spadefoot,https://www.wikidata.org/entity/Q7988312,
/m/09d5_,Owl,https://www.wikidata.org/entity/Q25222,http://vocab.getty.edu/page/aat/300310290
/m/09d5l6,Pacific Treefrog,https://www.wikidata.org/entity/Q2336996,
/m/09d5xy,California red legged frog,https://www.wikidata.org/entity/Q2117804,
/m/09d775,Ryan navion,https://www.wikidata.org/entity/Q1279022,
/m/09d_r,Mountain,https://www.wikidata.org/entity/Q8502,http://vocab.getty.edu/page/aat/300008795
/m/09dd22,Cricket helmet,,
/m/09ddf,Symbol,https://www.wikidata.org/entity/Q80071,http://vocab.getty.edu/page/aat/300055878
/m/09ddx,Duck,https://www.wikidata.org/entity/Q3736439,
/m/09dfr,Disabled sports,https://www.wikidata.org/entity/Q814517,
/m/09dg5,Gaelic football,https://www.wikidata.org/entity/Q204632,
/m/09dh0,Seed,https://www.wikidata.org/entity/Q40763,http://vocab.getty.edu/page/aat/300400469
/m/09dhj,Family,https://www.wikidata.org/entity/Q8436,http://vocab.getty.edu/page/aat/300055474
/m/09dj50,English lavender,https://www.wikidata.org/entity/Q42081,
/m/09dkj,Flare,https://www.wikidata.org/entity/Q628261,http://vocab.getty.edu/page/aat/300248599
/m/09dkqy,Rudra veena,https://www.wikidata.org/entity/Q5266546,
/m/09dm2y,Catch wrestling,https://www.wikidata.org/entity/Q2408025,
/m/09dpds,Shave brush,https://www.wikidata.org/entity/Q199990,http://vocab.getty.edu/page/aat/300236442
/m/09drxk,Arborio rice,https://www.wikidata.org/entity/Q2615884,
/m/09dsd,Blancmange,https://www.wikidata.org/entity/Q551514,
/m/09dt82,Negimaki,https://www.wikidata.org/entity/Q3301336,
/m/09dv7,Soil,https://www.wikidata.org/entity/Q36133,http://vocab.getty.edu/page/aat/300014330
/m/09dvst,Curanto,https://www.wikidata.org/entity/Q3007617,
/m/09dw4,Mead,https://www.wikidata.org/entity/Q184442,
/m/09dx1f8,Lcd tv,https://www.wikidata.org/entity/Q1326790,
/m/09dxr0,Embutido,https://www.wikidata.org/entity/Q18560070,
/m/09dzg,Turtle,https://www.wikidata.org/entity/Q223044,http://vocab.getty.edu/page/aat/300310264
/m/09f20,Hippopotamus,https://www.wikidata.org/entity/Q34505,http://vocab.getty.edu/page/aat/300258403
/m/09f4n0,Chinese peony,https://www.wikidata.org/entity/Q163076,
/m/09f4zy,Fried cauliflower,https://www.wikidata.org/entity/Q71819512,
/m/09f6b,Luge,https://www.wikidata.org/entity/Q273285,http://vocab.getty.edu/page/aat/300211123
/m/09f96,Mosquito,https://www.wikidata.org/entity/Q7367,
/m/09f_0z,Jalapeño popper,https://www.wikidata.org/entity/Q6126666,
/m/09f_2,Crocodile,https://www.wikidata.org/entity/Q2535664,
/m/09f_75,Letter opener,https://www.wikidata.org/entity/Q915110,http://vocab.getty.edu/page/aat/300259185
/m/09ffyz,Ssc aero,,
/m/09fkjm,Klippe,https://www.wikidata.org/entity/Q734236,
/m/09fmx9,Omurice,https://www.wikidata.org/entity/Q427226,
/m/09fppk,Papri chaat,https://www.wikidata.org/entity/Q7133125,
/m/09fpwv,Daihatsu hijet,,
/m/09fsk_,Araneus,,
/m/09ftcw,Oral irrigator,https://www.wikidata.org/entity/Q1457473,
/m/09fwz6,Lap,https://www.wikidata.org/entity/Q1276686,
/m/09fy6b,Chrysler pronto cruizer,,
/m/09g1lf,Drumstick tree,https://www.wikidata.org/entity/Q234193,
/m/09g1w,Toilet,https://www.wikidata.org/entity/Q7857,http://vocab.getty.edu/page/aat/300052638
/m/09g1yy,Rigid airship,https://www.wikidata.org/entity/Q738584,
/m/09g33,Valerian,https://www.wikidata.org/entity/Q1769217,
/m/09g5h,Spacecraft,https://www.wikidata.org/entity/Q40218,http://vocab.getty.edu/page/aat/300212528
/m/09g5pq,People,https://www.wikidata.org/entity/Q2472587,http://vocab.getty.edu/page/aat/300024979
/m/09g5yp,Chenda,https://www.wikidata.org/entity/Q954983,
/m/09g64h,Yellow sweet clover,https://www.wikidata.org/entity/Q161160,
/m/09g6ctn,Nasi liwet,https://www.wikidata.org/entity/Q6967048,
/m/09g6pvd,Den,https://www.wikidata.org/entity/Q416665,
/m/09g712t,Television antenna,https://www.wikidata.org/entity/Q629413,
/m/09g7533,Poinsettia (Drink),https://www.wikidata.org/entity/Q208253,
/m/09g7js,Moo shu pork,https://www.wikidata.org/entity/Q987686,
/m/09g7kg,Moo goo gai pan,https://www.wikidata.org/entity/Q6907058,
/m/09g7kt,Lemon chicken,https://www.wikidata.org/entity/Q1074136,
/m/09g7lh,Corn crab soup,https://www.wikidata.org/entity/Q5171049,
/m/09g7mxg,Mandazi,https://www.wikidata.org/entity/Q9027344,
/m/09g7t_w,Fabes con almejas,https://www.wikidata.org/entity/Q5194921,
/m/09g7vwh,Thunder snake,https://www.wikidata.org/entity/Q5330639,
/m/09g8706,Anelli,https://www.wikidata.org/entity/Q529089,
/m/09g8l2,Austin 16 hp,,
/m/09g8vd8,Advent candle,https://www.wikidata.org/entity/Q4686444,
/m/09g937k,Cider doughnut,https://www.wikidata.org/entity/Q5119519,
/m/09g93x8,Ribbon candy,https://www.wikidata.org/entity/Q7322263,
/m/09g94z3,Korean taco,,
/m/09g962v,Bombolone,https://www.wikidata.org/entity/Q4940768,
/m/09g9c4x,Ketoprak jakarta,https://www.wikidata.org/entity/Q5263735,
/m/09g9qz9,Lasagnette,https://www.wikidata.org/entity/Q4994057,
/m/09gb8by,Taglierini,https://www.wikidata.org/entity/Q20046,
/m/09gbsyp,Large-flowered evening primrose,https://www.wikidata.org/entity/Q1043961,
/m/09gcj8x,Pinky vodka,https://www.wikidata.org/entity/Q7196252,
/m/09gcqj6,Ciambotta,https://www.wikidata.org/entity/Q3676255,
/m/09gd8,Black hawk,https://www.wikidata.org/entity/Q189491,
/m/09gdlyk,Bavette,https://www.wikidata.org/entity/Q4873698,
/m/09gf5n6,Chevrolet 400,,
/m/09gfx2r,Tekwan,https://www.wikidata.org/entity/Q7695520,
/m/09gfzr0,Palmier,https://www.wikidata.org/entity/Q2096475,
/m/09gg3,Violet,https://www.wikidata.org/entity/Q257659,
/m/09ggk,Purple,https://www.wikidata.org/entity/Q3257809,http://vocab.getty.edu/page/aat/300311120
/m/09gh3tk,Lophocampa maculata,https://www.wikidata.org/entity/Q1764278,
/m/09ghlb,Gulfstream g100,https://www.wikidata.org/entity/Q2877369,
/m/09ghxs3,Mafalde,https://www.wikidata.org/entity/Q20039,
/m/09ghy3c,Rawon,https://www.wikidata.org/entity/Q4200763,
/m/09gj2n,Renault wind,,
/m/09gj2sy,Kue keranjang,,
/m/09gj5qk,Taus,https://www.wikidata.org/entity/Q1250735,
/m/09gjd,Newcastle brown ale,https://www.wikidata.org/entity/Q887730,
/m/09gjh6,Audi nuvolari quattro,,
/m/09gk3_0,Stylus,https://www.wikidata.org/entity/Q2647209,http://vocab.getty.edu/page/aat/300022483
/m/09gk6z1,Clover club cocktail,https://www.wikidata.org/entity/Q3681226,
/m/09gkmwd,Garden gnome,https://www.wikidata.org/entity/Q1425332,
/m/09gkw_4,Amaretti di saronno,https://www.wikidata.org/entity/Q3613658,
/m/09gkyh0,Fagottini,https://www.wikidata.org/entity/Q5368617,
/m/09gl6_0,Ring toss,https://www.wikidata.org/entity/Q7334826,
/m/09gl_ff,Kleina,,
/m/09gmfg6,Hennessey venom gt,,
/m/09gms,Ramen,https://www.wikidata.org/entity/Q234646,
/m/09gn_mr,Cutleaf evening primrose,https://www.wikidata.org/entity/Q5956341,
/m/09gnkf1,Cattleya rex,https://www.wikidata.org/entity/Q5054152,
/m/09gnlnb,Crotal bell,https://www.wikidata.org/entity/Q5188927,
/m/09gnn8n,Aromatic aster,https://www.wikidata.org/entity/Q7661734,
/m/09gnq8,Home fries,https://www.wikidata.org/entity/Q550874,
/m/09gnvj9,Wheelchair football,https://www.wikidata.org/entity/Q7992057,
/m/09gnxt,Pastille,https://www.wikidata.org/entity/Q1060331,
/m/09gnyqn,Knockout punch,https://www.wikidata.org/entity/Q6422931,
/m/09gp70t,Tramezzino,https://www.wikidata.org/entity/Q1760470,
/m/09gpkl7,Ciambella,https://www.wikidata.org/entity/Q16247693,
/m/09gpl,Millet,https://www.wikidata.org/entity/Q259438,
/m/09gpqg7,Scialatelli,https://www.wikidata.org/entity/Q3952291,
/m/09gpqv1,Flamiche,https://www.wikidata.org/entity/Q3073285,
/m/09gq44,Frown,https://www.wikidata.org/entity/Q1284304,
/m/09gq6gr,Tortita negra,https://www.wikidata.org/entity/Q7827307,
/m/09gq85f,Mezzelune,,
/m/09gqg6c,Casoncelli,https://www.wikidata.org/entity/Q3661871,
/m/09gr15,Cabbage soup diet,https://www.wikidata.org/entity/Q1778730,
/m/09gs1x,Clam cake,https://www.wikidata.org/entity/Q5125440,
/m/09gtd,Toilet paper,https://www.wikidata.org/entity/Q5840,
/m/09gtx,Barley,https://www.wikidata.org/entity/Q11577,
/m/09gwx,Boeing ch-47 chinook,https://www.wikidata.org/entity/Q209613,
/m/09gxx,Bell uh-1 iroquois,https://www.wikidata.org/entity/Q154106,
/m/09gys,Squid,https://www.wikidata.org/entity/Q81900,http://vocab.getty.edu/page/aat/300259787
/m/09h20b,Rafeiro do alentejo,https://www.wikidata.org/entity/Q39073,
/m/09h3s2,Porsche 908,,
/m/09h901,Shidokan,https://www.wikidata.org/entity/Q507376,
/m/09h9k9,Aftershave,https://www.wikidata.org/entity/Q1545022,
/m/09hcdm,Purée,https://www.wikidata.org/entity/Q636056,
/m/09hfzz,Leptoceratops,https://www.wikidata.org/entity/Q131328,
/m/09hgmq,Hutspot,https://www.wikidata.org/entity/Q1701367,
/m/09hkc,Bicycle motocross,https://www.wikidata.org/entity/Q215184,
/m/09hl7m,Dolly,https://www.wikidata.org/entity/Q225806,
/m/09hlfz,Helicopter rotor,https://www.wikidata.org/entity/Q1343028,
/m/09hljw,Tribal chief,https://www.wikidata.org/entity/Q1259323,
/m/09hp9v,Volkswagen w12,,
/m/09hqy,Seal (Document),https://www.wikidata.org/entity/Q257102,
/m/09hr5z,Jiaogulan,https://www.wikidata.org/entity/Q134253,
/m/09hrxl,Sarma,https://www.wikidata.org/entity/Q359258,
/m/09hs60,Chankonabe,https://www.wikidata.org/entity/Q1352696,
/m/09hyjm,Underwater football,https://www.wikidata.org/entity/Q3747846,
/m/09hyx,Lingerie,https://www.wikidata.org/entity/Q855691,http://vocab.getty.edu/page/aat/300411745
/m/09j06,Hot air balloon,https://www.wikidata.org/entity/Q1551574,http://vocab.getty.edu/page/aat/300234026
/m/09j1x,Undergarment,https://www.wikidata.org/entity/Q198763,http://vocab.getty.edu/page/aat/300209267
/m/09j2d,Clothing,https://www.wikidata.org/entity/Q11460,http://vocab.getty.edu/page/aat/300209261
/m/09j5n,Footwear,https://www.wikidata.org/entity/Q161928,http://vocab.getty.edu/page/aat/300209280
/m/09j655,Janggu,https://www.wikidata.org/entity/Q1062015,http://vocab.getty.edu/page/aat/300265908
/m/09j9h,Engineer,https://www.wikidata.org/entity/Q81096,http://vocab.getty.edu/page/aat/300025063
/m/09jb25,Rinspeed zazen,,
/m/09jc2n,Back,,
/m/09jdg9,Latex clothing,https://www.wikidata.org/entity/Q1077151,
/m/09jfs,Uniform,https://www.wikidata.org/entity/Q7434,http://vocab.getty.edu/page/aat/300212393
/m/09jjnb,Paper drilling,https://www.wikidata.org/entity/Q7132694,
/m/09jn3j,Coucal,,
/m/09jn47,Curry puff,https://www.wikidata.org/entity/Q259874,
/m/09jpb7,Shahe fen,https://www.wikidata.org/entity/Q877957,
/m/09jqw6,Tambora,https://www.wikidata.org/entity/Q343128,
/m/09jwl,Musician,https://www.wikidata.org/entity/Q639669,http://vocab.getty.edu/page/aat/300025666
/m/09jxndq,Cab driver,,
/m/09jy30,Rice noodles,https://www.wikidata.org/entity/Q1322949,
/m/09k1z2,Mercury meteor,,
/m/09k4y6_,Siberian fawn lily,,
/m/09k5ghf,Three-cushion billiards,https://www.wikidata.org/entity/Q3257896,
/m/09k5z,Cigar,,
/m/09k6420,Hot buttered rum,https://www.wikidata.org/entity/Q11337807,
/m/09k65nd,Bay pipefish,https://www.wikidata.org/entity/Q1923329,
/m/09k6_2q,Paloma,,
/m/09k6x46,Okra peji,https://www.wikidata.org/entity/Q2701369,
/m/09k76,Cigarette,https://www.wikidata.org/entity/Q1578,
/m/09k7dhb,Alaea salt,https://www.wikidata.org/entity/Q4705519,
/m/09k7m2p,Mukkuri,https://www.wikidata.org/entity/Q3327567,
/m/09k_b,Lemon,https://www.wikidata.org/entity/Q500,http://vocab.getty.edu/page/aat/300311516
/m/09kc5m,Rambler american,,
/m/09kchq,Jelly shoes,https://www.wikidata.org/entity/Q6176906,
/m/09kd37,Dap,https://www.wikidata.org/entity/Q5221555,
/m/09khbc,Feuerzangenbowle,https://www.wikidata.org/entity/Q1410129,
/m/09kjlm,Sneakers,https://www.wikidata.org/entity/Q1929383,http://vocab.getty.edu/page/aat/300046078
/m/09kjpq,Underwater diving,https://www.wikidata.org/entity/Q179643,
/m/09kk7w2,Smirnoff ice double black,,
/m/09kkkg,Istrian coarse-haired hound,https://www.wikidata.org/entity/Q38211,
/m/09kmb,Spider,https://www.wikidata.org/entity/Q1357,http://vocab.getty.edu/page/aat/300249715
/m/09kmnt,Fish head curry,https://www.wikidata.org/entity/Q5454639,
/m/09kmv,Natural rubber,https://www.wikidata.org/entity/Q131877,http://vocab.getty.edu/page/aat/300012941
/m/09kn0y,Fiat 4 hp,,
/m/09kpdy,Masonry oven,https://www.wikidata.org/entity/Q908601,
/m/09kqc,Humour,,
/m/09kqv9,Oyster pail,https://www.wikidata.org/entity/Q7116369,
/m/09kv6y,Cheese spread,https://www.wikidata.org/entity/Q5089407,
/m/09kvv1,Braconidae,https://www.wikidata.org/entity/Q896734,
/m/09kx5,Deer,https://www.wikidata.org/entity/Q23390,http://vocab.getty.edu/page/aat/300250308
/m/09kxp,Wool,https://www.wikidata.org/entity/Q42329,http://vocab.getty.edu/page/aat/300014074
/m/09l0j_,Ring,https://www.wikidata.org/entity/Q534381,
/m/09l1w6,Lng carrier,https://www.wikidata.org/entity/Q15247,
/m/09l35,Space shuttle,https://www.wikidata.org/entity/Q1775296,
/m/09l63h,Military camouflage,https://www.wikidata.org/entity/Q196086,
/m/09l65,Singer,,
/m/09l6ys,Loroco,https://www.wikidata.org/entity/Q3259626,
/m/09l7rx,Mauby,https://www.wikidata.org/entity/Q3813358,
/m/09l9f,Carnival,https://www.wikidata.org/entity/Q4618,http://vocab.getty.edu/page/aat/300069042
/m/09l9g9,Lincoln mark series,,
/m/09l_gj,Roasted grain beverage,https://www.wikidata.org/entity/Q3243039,
/m/09lbv,Drummer,https://www.wikidata.org/entity/Q386854,http://vocab.getty.edu/page/aat/300235069
/m/09ld4,Frog,https://www.wikidata.org/entity/Q53636,http://vocab.getty.edu/page/aat/300310224
/m/09ldn,Toad,https://www.wikidata.org/entity/Q6453151,http://vocab.getty.edu/page/aat/300252284
/m/09lkg2,Fiat zero,,
/m/09llx,Yorkshire pudding,https://www.wikidata.org/entity/Q951669,
/m/09llzg,Seolleongtang,https://www.wikidata.org/entity/Q717136,
/m/09lmc5,Leipziger allerlei,https://www.wikidata.org/entity/Q451039,
/m/09lnn,Nutmeg,https://www.wikidata.org/entity/Q83165,
/m/09lnsq,Cuisine of odisha,https://www.wikidata.org/entity/Q3954967,
/m/09lrbv,Gołąbki,https://www.wikidata.org/entity/Q13557309,
/m/09ltdb,Szaloncukor,https://www.wikidata.org/entity/Q368757,
/m/09m6nf,Motif,https://www.wikidata.org/entity/Q11990109,
/m/09m9hf,Jensen cv8,,
/m/09mbmq,Suzuki twin,,
/m/09md3t,Eastern box turtle,https://www.wikidata.org/entity/Q3768639,
/m/09mhht,Prosopis pubescens,https://www.wikidata.org/entity/Q7250692,
/m/09mhk5,Parsi cuisine,https://www.wikidata.org/entity/Q7139975,
/m/09mmtx,Crop (Hairstyle),,
/m/09mp53,Pork steak,https://www.wikidata.org/entity/Q7230138,
/m/09mxpm,Mg p-type midget,,
/m/09mz62,Jūkendō,https://www.wikidata.org/entity/Q1717983,
/m/09n1hz,Khanqah,https://www.wikidata.org/entity/Q833913,http://vocab.getty.edu/page/aat/300000665
/m/09n2nl,Cadillac de ville series,,
/m/09n2wj,Black velvet,https://www.wikidata.org/entity/Q415477,
/m/09n5xs,Trijet,https://www.wikidata.org/entity/Q849579,
/m/09n60k,Twinjet,https://www.wikidata.org/entity/Q233132,
/m/09ndqj,Chevrolet tavera,,
/m/09ndr6,Isuzu panther,,
/m/09ngsw,Ice scraper,https://www.wikidata.org/entity/Q1317917,
/m/09nm_,World,https://www.wikidata.org/entity/Q16502,
/m/09nn_9,Pulihora,,
/m/09np_,Psychiatric hospital,https://www.wikidata.org/entity/Q210999,http://vocab.getty.edu/page/aat/300006733
/m/09npm4,River island,https://www.wikidata.org/entity/Q162602,http://vocab.getty.edu/page/aat/300386828
/m/09nxzp,Ballet shoe,https://www.wikidata.org/entity/Q778659,http://vocab.getty.edu/page/aat/300046085
/m/09ny8f,Times square ball,https://www.wikidata.org/entity/Q1058395,
/m/09nyy,Juggling,https://www.wikidata.org/entity/Q194326,http://vocab.getty.edu/page/aat/300379904
/m/09nzgt,Indian cobra,https://www.wikidata.org/entity/Q192754,
/m/09p1_h,Lincoln mkx,,
/m/09p3jz,Curb,https://www.wikidata.org/entity/Q37442,http://vocab.getty.edu/page/aat/300011713
/m/09p5m,Hunting,https://www.wikidata.org/entity/Q36963,http://vocab.getty.edu/page/aat/300239666
/m/09p6gr,Folk wrestling,https://www.wikidata.org/entity/Q327248,
/m/09p7m,Galanthus,https://www.wikidata.org/entity/Q105415,
/m/09ph7l,Korean chinese cuisine,https://www.wikidata.org/entity/Q6431807,
/m/09pj6n,Toyota revo,,
/m/09pnz,Lever,https://www.wikidata.org/entity/Q40164,
/m/09psh,Flax,https://www.wikidata.org/entity/Q45108,http://vocab.getty.edu/page/aat/300375504
/m/09ptb,Greyhound racing,https://www.wikidata.org/entity/Q1345388,
/m/09ptbf,Purshia,,
/m/09pwh,Panettone,https://www.wikidata.org/entity/Q854342,
/m/09q0x0,Taho,https://www.wikidata.org/entity/Q3548107,
/m/09q2t,Brown,https://www.wikidata.org/entity/Q47071,http://vocab.getty.edu/page/aat/300127490
/m/09q2v4,Eumenidae,https://www.wikidata.org/entity/Q1756486,
/m/09q5jn,Anhui cuisine,https://www.wikidata.org/entity/Q1133178,
/m/09q6n_,Bredele,https://www.wikidata.org/entity/Q2924275,
/m/09q84z,Italian dressing,https://www.wikidata.org/entity/Q1675036,
/m/09qck,Banana,https://www.wikidata.org/entity/Q503,http://vocab.getty.edu/page/aat/300266434
/m/09qd1,Wedding reception,https://www.wikidata.org/entity/Q1190070,
/m/09qdd,Cooking plantain,https://www.wikidata.org/entity/Q165449,
/m/09qf5,Winter sport,https://www.wikidata.org/entity/Q204686,
/m/09qfcy,Birch sap,https://www.wikidata.org/entity/Q865598,
/m/09qfq2,Sledge hockey,https://www.wikidata.org/entity/Q963312,
/m/09qgm,Snowboarding,https://www.wikidata.org/entity/Q178131,
/m/09qhbh,Sintir,https://www.wikidata.org/entity/Q1431454,
/m/09qhk,Aqueduct,https://www.wikidata.org/entity/Q2293979,
/m/09qj4b,Chrysler newport,,
/m/09qkx,Boardsport,https://www.wikidata.org/entity/Q911069,
/m/09ql8,Waterskiing,https://www.wikidata.org/entity/Q472827,http://vocab.getty.edu/page/aat/300222808
/m/09qqq,Wall,https://www.wikidata.org/entity/Q42948,http://vocab.getty.edu/page/aat/300002469
/m/09qv0l,Fiat 508,,
/m/09qw8,Bamboo,https://www.wikidata.org/entity/Q670887,http://vocab.getty.edu/page/aat/300311500
/m/09r5p,Sifaka,,
/m/09rbjm,Chrysler valiant charger,,
/m/09rc71,Dollu kunitha,https://www.wikidata.org/entity/Q4357997,
/m/09rf8m,Iris versicolor,https://www.wikidata.org/entity/Q164844,
/m/09rgp,Road bicycle,https://www.wikidata.org/entity/Q6453072,
/m/09rgqc,Intercrosse,https://www.wikidata.org/entity/Q1665966,
/m/09rgrw,Ancient dog breeds,https://www.wikidata.org/entity/Q39367,
/m/09rll6,Lungo,https://www.wikidata.org/entity/Q59048,
/m/09rm9k,Yellow toadflax,https://www.wikidata.org/entity/Q157078,
/m/09rnvg,Myachi,,
/m/09rp2r,Eleutherodactylus,,
/m/09rsn1,Siberian elm,https://www.wikidata.org/entity/Q1079824,
/m/09rspx9,Bossche bol,https://www.wikidata.org/entity/Q681488,
/m/09rv67s,Ford escort (North America),,
/m/09rv68q,Lace wig,https://www.wikidata.org/entity/Q3215778,
/m/09rvcxw,Rocket,https://www.wikidata.org/entity/Q41291,
/m/09rvk8h,Ambuyat,https://www.wikidata.org/entity/Q4742021,
/m/09rvlp4,Ipad,,
/m/09rvrql,Water volleyball,https://www.wikidata.org/entity/Q7973873,
/m/09rwv9,Soft Serve Ice Creams,https://www.wikidata.org/entity/Q1397211,
/m/09rx5,Racquetball,https://www.wikidata.org/entity/Q754586,http://vocab.getty.edu/page/aat/300222735
/m/09rxmr,Construction paper,https://www.wikidata.org/entity/Q2442243,http://vocab.getty.edu/page/aat/300183668
/m/09s1f,Business,,
/m/09s3w,Bangers and mash,https://www.wikidata.org/entity/Q2882471,
/m/09s8m7,Porsche 907,,
/m/09sc7k,Hokey pokey,https://www.wikidata.org/entity/Q3643110,
/m/09sd35,Bicycle mechanic,https://www.wikidata.org/entity/Q233053,
/m/09sdbh,Luxury yacht,https://www.wikidata.org/entity/Q443802,
/m/09sglw,Mee pok,https://www.wikidata.org/entity/Q6807485,
/m/09sjbt,Porsche 910,,
/m/09skmb,Swan boat,https://www.wikidata.org/entity/Q16859886,
/m/09sng,Hide-and-seek,https://www.wikidata.org/entity/Q171957,
/m/09spj9,Layered hair,https://www.wikidata.org/entity/Q998741,
/m/09spl0,Jjigae,https://www.wikidata.org/entity/Q1062483,
/m/09srw,Compass,https://www.wikidata.org/entity/Q34735,http://vocab.getty.edu/page/aat/300196707
/m/09ssq9,Kangling,https://www.wikidata.org/entity/Q1432696,http://vocab.getty.edu/page/aat/300265932
/m/09swcp,Household silver,https://www.wikidata.org/entity/Q1683099,http://vocab.getty.edu/page/aat/300234016
/m/09swwf,Tea set,https://www.wikidata.org/entity/Q3408351,http://vocab.getty.edu/page/aat/300227686
/m/09sy4,Tequila,https://www.wikidata.org/entity/Q122195,
/m/09t19,Engagement ring,https://www.wikidata.org/entity/Q7929,http://vocab.getty.edu/page/aat/300312101
/m/09t3w,Engagement,https://www.wikidata.org/entity/Q157512,
/m/09t49,Leaf,https://www.wikidata.org/entity/Q33971,http://vocab.getty.edu/page/aat/300400479
/m/09t4p3,Lincoln mks,,
/m/09t4t,Manufacturing,https://www.wikidata.org/entity/Q187939,http://vocab.getty.edu/page/aat/300077527
/m/09t57,Pine,https://www.wikidata.org/entity/Q12024,http://vocab.getty.edu/page/aat/300012637
/m/09t6bd,Armstrong siddeley sapphire,,
/m/09t6yz,Mukhwas,https://www.wikidata.org/entity/Q1952017,
/m/09t7ln,Turkish Gecko,https://www.wikidata.org/entity/Q836347,
/m/09t9nt,Pakhavaj,https://www.wikidata.org/entity/Q2046658,
/m/09tj9h,Tteok,https://www.wikidata.org/entity/Q703413,
/m/09tl3w,Tomato soup,https://www.wikidata.org/entity/Q1066260,
/m/09tls_,Nissan r'nessa,,
/m/09tnn6,Suzuki xl7,,
/m/09tr7k,Nissan caravan,,
/m/09tth4,Biskotso,https://www.wikidata.org/entity/Q4918187,
/m/09tvcd,Wine glass,https://www.wikidata.org/entity/Q1531435,http://vocab.getty.edu/page/aat/300043246
/m/09twl_,Aston martin rapide,,
/m/09tx1g,Ajaeng,https://www.wikidata.org/entity/Q411880,
/m/09tyrb,Bowling pin,https://www.wikidata.org/entity/Q4951263,http://vocab.getty.edu/page/aat/300211075
/m/09v1cn,Ratonero bodeguero andaluz,https://www.wikidata.org/entity/Q38209,
/m/09v1gqs,Chinese celery,,
/m/09v1hv,Eastern diamondback rattlesnake,https://www.wikidata.org/entity/Q744532,
/m/09v2fwy,Biscuit rose de reims,https://www.wikidata.org/entity/Q2904639,
/m/09v2x7p,Neurologist,,
/m/09v2ztm,Wrap,https://www.wikidata.org/entity/Q14371763,
/m/09v3jy1,Japanese anemone,https://www.wikidata.org/entity/Q104881096,
/m/09v3l_s,Folding table,https://www.wikidata.org/entity/Q5464307,
/m/09v3pl5,Biscotti regina,https://www.wikidata.org/entity/Q4917257,
/m/09v3zmt,Lemon liqueur,https://www.wikidata.org/entity/Q6521361,
/m/09v46d,Lolly cake,https://www.wikidata.org/entity/Q2292291,
/m/09v4jv5,Nut driver,https://www.wikidata.org/entity/Q7070399,
/m/09v4y3x,Chicken paprikash,https://www.wikidata.org/entity/Q645522,
/m/09v60jx,Himmel und erde,https://www.wikidata.org/entity/Q151862,
/m/09v6kpg,Minecraft,https://www.wikidata.org/entity/Q49740,
/m/09v7bnz,Kick energy,https://www.wikidata.org/entity/Q6404215,
/m/09v7rsq,Liver (Food),https://www.wikidata.org/entity/Q9368,
/m/09v871d,Biscuit (United States),https://www.wikidata.org/entity/Q13270,
/m/09v8gp7,Bagoong,https://www.wikidata.org/entity/Q4842073,
/m/09v8h83,Marine radar,https://www.wikidata.org/entity/Q11882087,
/m/09v8rjr,Chile de árbol,https://www.wikidata.org/entity/Q5098689,
/m/09v8wsm,Mitsubishi i miev,,
/m/09v9ln,Tandoori masala,https://www.wikidata.org/entity/Q1517449,
/m/09vbsy,Tangyuan,https://www.wikidata.org/entity/Q3515161,
/m/09vg7s,Sweet pea,https://www.wikidata.org/entity/Q163944,
/m/09vh0m,Payment card,https://www.wikidata.org/entity/Q1436963,
/m/09vkn3,Crêpe suzette,https://www.wikidata.org/entity/Q1142539,
/m/09vl64,Bicycle trailer,https://www.wikidata.org/entity/Q1392524,
/m/09w1n,Alpine skiing,https://www.wikidata.org/entity/Q186222,http://vocab.getty.edu/page/aat/300239498
/m/09w24,Ice dancing,,
/m/09w4_2,Khoa,https://www.wikidata.org/entity/Q9017517,
/m/09w5r,Human leg,,
/m/09w7g5,True toad,https://www.wikidata.org/entity/Q55372,
/m/09w883,Whaler,https://www.wikidata.org/entity/Q973740,http://vocab.getty.edu/page/aat/300232758
/m/09w9qp,Pipe,https://www.wikidata.org/entity/Q234455,
/m/09wdrl,Extradosed bridge,https://www.wikidata.org/entity/Q1385169,
/m/09wqz7,Christmas dinner,https://www.wikidata.org/entity/Q558298,
/m/09wr_,Synclavier,https://www.wikidata.org/entity/Q1557633,
/m/09wsz,Eleusine coracana,https://www.wikidata.org/entity/Q932258,
/m/09wws,Banksia,https://www.wikidata.org/entity/Q131258,
/m/09wwy1,Bull and terrier,https://www.wikidata.org/entity/Q38510,
/m/09wx7,Figure skating jumps,https://www.wikidata.org/entity/Q1889337,
/m/09wxp,Figure skating spins,https://www.wikidata.org/entity/Q11085408,
/m/09wygs,Mustelinae,https://www.wikidata.org/entity/Q27888,
/m/09wz9,Bobsleigh,https://www.wikidata.org/entity/Q177275,http://vocab.getty.edu/page/aat/300211074
/m/09wzfj,California roll,https://www.wikidata.org/entity/Q1139527,
/m/09wzt,Oak,https://www.wikidata.org/entity/Q12004,http://vocab.getty.edu/page/aat/300375060
/m/09x0r,Speech,https://www.wikidata.org/entity/Q52946,http://vocab.getty.edu/page/aat/300055195
/m/09x374,Boiled egg,https://www.wikidata.org/entity/Q1062531,
/m/09x3lm,Junction,https://www.wikidata.org/entity/Q1788454,
/m/09x8z,Stomach,,
/m/09x984,Puddle,https://www.wikidata.org/entity/Q152841,
/m/09x9g,Marching band,https://www.wikidata.org/entity/Q1426710,
/m/09xbm8,Book cover,https://www.wikidata.org/entity/Q1125338,http://vocab.getty.edu/page/aat/300055023
/m/09xc3,Sousaphone,https://www.wikidata.org/entity/Q499387,http://vocab.getty.edu/page/aat/300042371
/m/09xf66,Cao lầu,https://www.wikidata.org/entity/Q5034353,
/m/09xfgp,Nash 600,,
/m/09xgsq,Oxcart,https://www.wikidata.org/entity/Q1190777,
/m/09xp_,Cricket (Sport),https://www.wikidata.org/entity/Q5375,http://vocab.getty.edu/page/aat/300222761
/m/09xqv,Cricket (Insect),https://www.wikidata.org/entity/Q5375,http://vocab.getty.edu/page/aat/300222761
/m/09xsd1,Laundry ball,https://www.wikidata.org/entity/Q1202392,
/m/09xss5,Zarangollo,https://www.wikidata.org/entity/Q3940513,
/m/09xy63,Monkey brains,https://www.wikidata.org/entity/Q1141370,
/m/09xy9,Roman villa,https://www.wikidata.org/entity/Q918230,http://vocab.getty.edu/page/aat/300005519
/m/09xysh,Uttapam,https://www.wikidata.org/entity/Q899392,
/m/09y0s0,Orujo,https://www.wikidata.org/entity/Q771786,
/m/09y2k2,Italian food,https://www.wikidata.org/entity/Q192786,
/m/09y4pm,Market,https://www.wikidata.org/entity/Q1277907,
/m/09y4sj,Plum tomato,https://www.wikidata.org/entity/Q7205370,
/m/09y71y,Nameplate,https://www.wikidata.org/entity/Q2713450,http://vocab.getty.edu/page/aat/300078438
/m/09y8b1,Tata tl,,
/m/09y8cg,Austin 3-litre,,
/m/09ydzr,Breda ba.88,https://www.wikidata.org/entity/Q904627,
/m/09yh5p,Tidy tips,https://www.wikidata.org/entity/Q8273258,
/m/09yhzf,African leopard,https://www.wikidata.org/entity/Q39153,
/m/09yjj4,Tursu,https://www.wikidata.org/entity/Q12012266,
/m/09yjm8,Sicilian pizza,https://www.wikidata.org/entity/Q2121797,
/m/09ymtd,Freestyle football,https://www.wikidata.org/entity/Q1003785,
/m/09ynbl,Cecina,https://www.wikidata.org/entity/Q180668,
/m/09yrhm,Chelsea boot,https://www.wikidata.org/entity/Q1069098,
/m/09ysm1,Siu mei,https://www.wikidata.org/entity/Q844314,
/m/09ytk_,Kia elan,,
/m/09yv9b,Skipjack,https://www.wikidata.org/entity/Q359023,
/m/09yvng,Lockheed l-100 hercules,https://www.wikidata.org/entity/Q2895154,
/m/09yw48,Ankimo,https://www.wikidata.org/entity/Q2850350,
/m/09z03k,Jaguar xjr-9,,
/m/09z1ww,Circuit training,https://www.wikidata.org/entity/Q205821,
/m/09z27p,Italian sausage,,
/m/09z29w,Molosser,https://www.wikidata.org/entity/Q13217219,
/m/09z6g1,Aston martin db7 zagato,,
/m/09z7n0,Confluence,https://www.wikidata.org/entity/Q723748,http://vocab.getty.edu/page/aat/300387046
/m/09z9b5,Rouladen,https://www.wikidata.org/entity/Q9293083,
/m/09zf31,Jeep cherokee,,
/m/09zf3d,Jeep cherokee (xj),,
/m/09zg4c,Haegeum,https://www.wikidata.org/entity/Q706025,
/m/09zhhp,Buk,https://www.wikidata.org/entity/Q667588,
/m/09zzb8,Makeup artist,https://www.wikidata.org/entity/Q935666,
/m/09zzf2,Cha siu bao,https://www.wikidata.org/entity/Q1207732,
/m/0_1h028,Bean bag chair,https://www.wikidata.org/entity/Q55698,http://vocab.getty.edu/page/aat/300037800
/m/0_2bn,Optoelectronics,https://www.wikidata.org/entity/Q193091,
/m/0_72nwj,Cadillac (Brand),https://www.wikidata.org/entity/Q27436,
/m/0_ch6,Convent,https://www.wikidata.org/entity/Q1128397,http://vocab.getty.edu/page/aat/300312089
/m/0_cp5,Oyster,https://www.wikidata.org/entity/Q107411,http://vocab.getty.edu/page/aat/300310174
/m/0_d6n,Jigsaw puzzle,https://www.wikidata.org/entity/Q181008,http://vocab.getty.edu/page/aat/300211322
/m/0_djs,Jigsaw,,
/m/0_dqb,Chisel,,
/m/0_gy664,Bat (Food),https://www.wikidata.org/entity/Q28425,http://vocab.getty.edu/page/aat/300310316
/m/0_h18zn,Bicoloured goldenrod,,
/m/0_k2,Ant,https://www.wikidata.org/entity/Q7386,http://vocab.getty.edu/page/aat/300258809
/m/0_ksk,Power tool,https://www.wikidata.org/entity/Q1327701,http://vocab.getty.edu/page/aat/300024870
/m/0_mjp,Mountain bike,https://www.wikidata.org/entity/Q223705,
/m/0_qd2q8,Mouna,https://www.wikidata.org/entity/Q596523,
/m/0_qksy6,Bushy aster,https://www.wikidata.org/entity/Q4050490,
/m/0_tbv,Dinghy,https://www.wikidata.org/entity/Q239617,http://vocab.getty.edu/page/aat/300212708
/m/0_vpmtw,Dark chocolate,,
/m/0_yfl_r,Broyé poitevin,https://www.wikidata.org/entity/Q2926353,
/m/0_yjnp6,Pappa al pomodoro,https://www.wikidata.org/entity/Q3894895,
/m/0b03ql,Canopy,https://www.wikidata.org/entity/Q1214494,
/m/0b0_vj,Fso syrena sport,,
/m/0b0d0p,Wedge (Apparel),https://www.wikidata.org/entity/Q131408,http://vocab.getty.edu/page/aat/300024101
/m/0b0fq,Photomontage,https://www.wikidata.org/entity/Q828107,http://vocab.getty.edu/page/aat/300134699
/m/0b0gnw,Escabeche,https://www.wikidata.org/entity/Q1361741,
/m/0b0h4v,Sycamore fig,https://www.wikidata.org/entity/Q750217,http://vocab.getty.edu/page/aat/300375202
/m/0b0lbv,Backlighting,https://www.wikidata.org/entity/Q574291,
/m/0b0mt7,Fiat 132/argenta,,
/m/0b0myd,Radio-controlled boat,https://www.wikidata.org/entity/Q12066765,
/m/0b0pqq,Ascalapha odorata,https://www.wikidata.org/entity/Q4803772,
/m/0b0t3w,Gudgeon pin,https://www.wikidata.org/entity/Q1779067,
/m/0b0y41,Poached egg,https://www.wikidata.org/entity/Q1363043,
/m/0b0yt1,Caucasian shepherd dog,https://www.wikidata.org/entity/Q38576,
/m/0b152y,Mononykus,https://www.wikidata.org/entity/Q131421,
/m/0b1_0f,Freeze (b-boying),https://www.wikidata.org/entity/Q409967,
/m/0b1_4m,Bmw 600,,
/m/0b1_61,Rolls-royce silver spirit,,
/m/0b1_s8,Bmw 700,,
/m/0b1dr2,Pacific sturgeon,https://www.wikidata.org/entity/Q592876,
/m/0b1k6b,Mg j-type,,
/m/0b1l1,Magnolia family,https://www.wikidata.org/entity/Q120228,http://vocab.getty.edu/page/aat/300375013
/m/0b1lk,Cannoli,https://www.wikidata.org/entity/Q836151,
/m/0b1lz,Magnolia,https://www.wikidata.org/entity/Q157017,http://vocab.getty.edu/page/aat/300012218
/m/0b1my,Rhododendron,https://www.wikidata.org/entity/Q189393,
/m/0b1whn,Hole saw,https://www.wikidata.org/entity/Q764324,
/m/0b1y1g,Bentley mark vi,,
/m/0b1y2v,Bentley r type,,
/m/0b1y47,Bentley s2,,
/m/0b1y4l,Bentley s3,,
/m/0b1y5z,Bentley turbo r,,
/m/0b1y6n,Bentley turbo rt,,
/m/0b1z6p,Power move,https://www.wikidata.org/entity/Q1868335,
/m/0b2008,Rolls-royce silver wraith,,
/m/0b200z,Rolls-royce phantom iv,,
/m/0b201n,Rolls-royce phantom v,,
/m/0b202b,Rolls-royce phantom vi,,
/m/0b209p,Rolls-royce corniche (1966-1995),,
/m/0b217k,Chicken feet,https://www.wikidata.org/entity/Q41384,
/m/0b23px,Hand sanitizer,https://www.wikidata.org/entity/Q520181,
/m/0b24bb,Tacacá,https://www.wikidata.org/entity/Q564491,
/m/0b25v,License,https://www.wikidata.org/entity/Q79719,http://vocab.getty.edu/page/aat/300054651
/m/0b261_,Rolls-royce phantom i,,
/m/0b2653,Rolls-royce phantom ii,,
/m/0b268x,Rolls-royce phantom iii,,
/m/0b26w3,Schnoodle,https://www.wikidata.org/entity/Q38896,
/m/0b27_9,Bentley 4½ litre,,
/m/0b27yy,Bentley 3 litre,,
/m/0b280q,Bentley speed six,,
/m/0b2823,Bentley 4 litre,,
/m/0b284b,Bentley 3.5 litre,,
/m/0b284p,Bentley mark v,,
/m/0b2861,Bentley 8 litre,,
/m/0b29js,Jabuticaba,https://www.wikidata.org/entity/Q1973619,
/m/0b2br_,Chaat masala,https://www.wikidata.org/entity/Q1068141,
/m/0b2c_,Pilgrims,https://www.wikidata.org/entity/Q542704,http://vocab.getty.edu/page/aat/300266259
/m/0b2d8l,Ho hos,https://www.wikidata.org/entity/Q5874068,
/m/0b2h7k,Bentley azure,,
/m/0b2hk8,Bánh xèo,https://www.wikidata.org/entity/Q50633,
/m/0b2mw2,Confiture de lait,https://www.wikidata.org/entity/Q917761,
/m/0b2r0,Pigeon pea,https://www.wikidata.org/entity/Q632559,
/m/0b2rk2,Studebaker electric,,
/m/0b2yvq,Mitsubishi grandis,,
/m/0b37gd,Rock pocket mouse,https://www.wikidata.org/entity/Q172372,
/m/0b383t,Maqluba,https://www.wikidata.org/entity/Q2474403,
/m/0b38c3,Melkus rs 1000,,
/m/0b39sn,Cecropia Moth,https://www.wikidata.org/entity/Q142322,
/m/0b3brj,Flying frog,https://www.wikidata.org/entity/Q943540,
/m/0b3dqw,Agati,https://www.wikidata.org/entity/Q947251,
/m/0b3dyl,Finger food,https://www.wikidata.org/entity/Q748611,
/m/0b3fp9,Countertop,https://www.wikidata.org/entity/Q599007,http://vocab.getty.edu/page/aat/300375691
/m/0b3lj,Pistachio,https://www.wikidata.org/entity/Q36071,
/m/0b3nbq,Vacuum bag,,
/m/0b3nwr,Wood glue,https://www.wikidata.org/entity/Q971298,
/m/0b3q36,Cavachon,https://www.wikidata.org/entity/Q38896,
/m/0b3qxj,Achaar,https://www.wikidata.org/entity/Q1478245,
/m/0b3s8y,Czechoslovakian wolfdog,https://www.wikidata.org/entity/Q38651,
/m/0b3sh,Oscilloscope,https://www.wikidata.org/entity/Q174320,http://vocab.getty.edu/page/aat/300199994
/m/0b3tn9,Rum baba,https://www.wikidata.org/entity/Q265457,
/m/0b3vq,Network switch,https://www.wikidata.org/entity/Q4503,
/m/0b3yr,Beach,https://www.wikidata.org/entity/Q40080,http://vocab.getty.edu/page/aat/300008816
/m/0b400y,Datura inoxia,https://www.wikidata.org/entity/Q4762026,
/m/0b42l9,Indoor games and sports,https://www.wikidata.org/entity/Q6026443,
/m/0b44zl,Army men,https://www.wikidata.org/entity/Q3241623,
/m/0b45bh,Honzen-ryōri,https://www.wikidata.org/entity/Q862743,
/m/0b45fc,Komatsuna,https://www.wikidata.org/entity/Q4383692,
/m/0b46c,American Goldfinch,https://www.wikidata.org/entity/Q27075861,
/m/0b48hv,Rainbow,https://www.wikidata.org/entity/Q1052,http://vocab.getty.edu/page/aat/300379215
/m/0b49p4,Buzuq,https://www.wikidata.org/entity/Q3299793,
/m/0b4_ct,Butterbrot,https://www.wikidata.org/entity/Q1018075,
/m/0b4_rz,Championship,https://www.wikidata.org/entity/Q1079023,
/m/0b4cdw,Gaz-61,,
/m/0b4d14,Gaz-53,,
/m/0b4g6m,Jalfrezi,https://www.wikidata.org/entity/Q11684396,
/m/0b4jwy,Artillery tractor,https://www.wikidata.org/entity/Q2016578,
/m/0b4kx6,Honda airwave,,
/m/0b4r85,Lamborghini 400gt,,
/m/0b4rl8,Fried prawn,https://www.wikidata.org/entity/Q3275951,
/m/0b4zhm,Nectar,https://www.wikidata.org/entity/Q171934,
/m/0b57fy,Takuan,https://www.wikidata.org/entity/Q701797,
/m/0b5bxt,Nước chấm,https://www.wikidata.org/entity/Q1324118,
/m/0b5gs,Branch,https://www.wikidata.org/entity/Q2923673,
/m/0b5lyy,Low water crossing,https://www.wikidata.org/entity/Q11552394,
/m/0b5p11,Nash ambassador,,
/m/0b5ppz,Yard globe,https://www.wikidata.org/entity/Q8049263,
/m/0b5q59,Pastilla,https://www.wikidata.org/entity/Q664137,
/m/0b5xzn,Pontiac chieftain,,
/m/0b5y8f,Pontiac executive,,
/m/0b60dw,Chevrolet nomad,,
/m/0b68kkj,Hardcore ipa,,
/m/0b68kkq,Punk ipa,,
/m/0b693,Collision,https://www.wikidata.org/entity/Q238053,
/m/0b69hk,Crowdie,https://www.wikidata.org/entity/Q2895215,
/m/0b6c67,German pinscher,https://www.wikidata.org/entity/Q37793,
/m/0b6czk1,Elleanthus,https://www.wikidata.org/entity/Q134033,
/m/0b6d2ff,Amerorchis,,
/m/0b6d_9s,Calochilus,https://www.wikidata.org/entity/Q1304801,
/m/0b6dj9,Lagonda 3-litre,,
/m/0b6dq5d,Dimerandra,https://www.wikidata.org/entity/Q3906540,
/m/0b6fq40,Hornado,,
/m/0b6fvg4,Colada morada,https://www.wikidata.org/entity/Q838099,
/m/0b6gqzh,Capanemia,https://www.wikidata.org/entity/Q1304752,
/m/0b6h08_,Cuitlauzina,https://www.wikidata.org/entity/Q1621993,
/m/0b6h2fq,Fritada,https://www.wikidata.org/entity/Q1465158,
/m/0b6h63d,Bipinnula,https://www.wikidata.org/entity/Q1318672,
/m/0b6h830,Bollea,https://www.wikidata.org/entity/Q3641752,
/m/0b6hrw0,Cheirostylis,https://www.wikidata.org/entity/Q134018,
/m/0b6j_h,Fiat scudo,,
/m/0b6jhq5,Plains Gartersnake,https://www.wikidata.org/entity/Q385759,
/m/0b6jkp3,Cyanicula,,
/m/0b6jshs,Cyclopogon,https://www.wikidata.org/entity/Q133797,
/m/0b6jz29,Cynorkis,https://www.wikidata.org/entity/Q1318743,
/m/0b6kd4t,Lamb's fry,https://www.wikidata.org/entity/Q16947964,
/m/0b6kmgp,Dossinia,https://www.wikidata.org/entity/Q311763,
/m/0b6kqwj,Chloraea,https://www.wikidata.org/entity/Q1303818,
/m/0b6lsjd,Brachystele,https://www.wikidata.org/entity/Q134038,
/m/0b6lssj,Silver fox,https://www.wikidata.org/entity/Q27838038,
/m/0b6m1sh,Opor ayam,https://www.wikidata.org/entity/Q7098418,
/m/0b6m8y9,Chondrorhyncha,https://www.wikidata.org/entity/Q1303838,
/m/0b6mck,Sandbagger sloop,https://www.wikidata.org/entity/Q1290179,
/m/0b6mdjj,Arpophyllum,https://www.wikidata.org/entity/Q292743,
/m/0b6mtjl,Chamorchis,https://www.wikidata.org/entity/Q162103,
/m/0b6mv_m,Cape flower,https://www.wikidata.org/entity/Q18215154,
/m/0b6nt0y,Corysanthes,https://www.wikidata.org/entity/Q2670152,
/m/0b6nt1m,Erycina (orchid),https://www.wikidata.org/entity/Q16775618,
/m/0b6nzpz,Bebb's willow,https://www.wikidata.org/entity/Q2578880,
/m/0b6p0qb,New amsterdam gin,,
/m/0b6p1_4,Cranichis,https://www.wikidata.org/entity/Q311026,
/m/0b6p41s,Barlia,https://www.wikidata.org/entity/Q163991,
/m/0b6pc91,Surfboard fin,https://www.wikidata.org/entity/Q7646069,
/m/0b6pxd,Pontiac grand ville,,
/m/0b6w2z,Buttercream,https://www.wikidata.org/entity/Q1429013,
/m/0b6w8t,Volkswagen iltis,,
/m/0b71bx,Calanus,https://www.wikidata.org/entity/Q3809086,
/m/0b73d9,Chrysobalanaceae,https://www.wikidata.org/entity/Q614604,
/m/0b7479l,Shrubby camphorweed,https://www.wikidata.org/entity/Q6773353,
/m/0b74j_j,Octavina,https://www.wikidata.org/entity/Q492055,
/m/0b74tkh,Russula integra,https://www.wikidata.org/entity/Q901119,
/m/0b752wp,Erynnis funeralis,https://www.wikidata.org/entity/Q5396320,
/m/0b75kx3,Titanium aluminium nitride,https://www.wikidata.org/entity/Q7809851,
/m/0b75wg4,Photo caption,https://www.wikidata.org/entity/Q40728422,
/m/0b75y0,Dodge custom 880,,
/m/0b760rr,Snowboard halfpipe,,
/m/0b76c3j,Aricia icaroides,https://www.wikidata.org/entity/Q2861234,
/m/0b76y0,Food craving,,
/m/0b77kz3,Padang food,https://www.wikidata.org/entity/Q954297,
/m/0b77zl3,Great Southern White,https://www.wikidata.org/entity/Q1762454,
/m/0b7b55p,Sculptor,,
/m/0b7htk,Erythroxylaceae,https://www.wikidata.org/entity/Q157231,
/m/0b7mpl,Muktuk,https://www.wikidata.org/entity/Q940033,
/m/0b7nf8,Dodge 50 series,,
/m/0b7nhc,Vine snake,https://www.wikidata.org/entity/Q602558,
/m/0b7pvt,Color guard (flag spinning),https://www.wikidata.org/entity/Q1759959,
/m/0b7v48,Lyre snake,https://www.wikidata.org/entity/Q740763,
/m/0b7z1,Drop,https://www.wikidata.org/entity/Q404877,
/m/0b825k,Ford model aa,,
/m/0b8639,Đàn tranh,https://www.wikidata.org/entity/Q342234,
/m/0b86gc,Lillet,https://www.wikidata.org/entity/Q1644339,
/m/0b870m,Electric knife,https://www.wikidata.org/entity/Q8352357,
/m/0b897t,Alfa romeo 2600,,
/m/0b89dn,Alfa romeo 1750 berlina,,
/m/0b8gt4,Beaked Toad,,
/m/0b8kw6,Amala,https://www.wikidata.org/entity/Q30070649,
/m/0b8r64,Gratin,https://www.wikidata.org/entity/Q1412833,
/m/0b8s_4,Moccasin,https://www.wikidata.org/entity/Q252484,http://vocab.getty.edu/page/aat/300210037
/m/0b8xjk,Coupe utility,https://www.wikidata.org/entity/Q298683,
/m/0b90nr,Kibbeh nayyeh,https://www.wikidata.org/entity/Q1643361,
/m/0b93n8,Chocolote cosmos,https://www.wikidata.org/entity/Q1535295,
/m/0b960h,Okinawa soba,https://www.wikidata.org/entity/Q1136876,
/m/0b97cn,Lamian,https://www.wikidata.org/entity/Q1561248,
/m/0b986x,Sound level meter,https://www.wikidata.org/entity/Q1140661,http://vocab.getty.edu/page/aat/300197097
/m/0b9_40,Audi shooting brake,,
/m/0b9_75,Soki,https://www.wikidata.org/entity/Q1051852,
/m/0b9c0,Gel,https://www.wikidata.org/entity/Q185744,
/m/0b9c2px,Casimiroa,https://www.wikidata.org/entity/Q2613722,
/m/0b9cmm,Plasterer,https://www.wikidata.org/entity/Q15284879,http://vocab.getty.edu/page/aat/300025028
/m/0b9d84,Horned viper,,
/m/0b9ff2,Egg barley,https://www.wikidata.org/entity/Q518108,
/m/0b9fzh,Saturn relay,,
/m/0b9gnr,Zumba,https://www.wikidata.org/entity/Q229680,
/m/0b9jyp,Racer,https://www.wikidata.org/entity/Q1459098,
/m/0b9k6q,Ribs,https://www.wikidata.org/entity/Q2576226,
/m/0b9qm2,Soccer kick,https://www.wikidata.org/entity/Q4384097,
/m/0b9rdx,Maslenitsa,https://www.wikidata.org/entity/Q913575,
/m/0b9s90,Kishka,https://www.wikidata.org/entity/Q6416612,
/m/0b9tgsh,Fritillaria,https://www.wikidata.org/entity/Q157503,
/m/0b9tq5r,Macrochelys,,
/m/0b9zx9,Mazda cx-9,,
/m/0b_1n1,Giant seabass,https://www.wikidata.org/entity/Q1070009,
/m/0b_6gk,Vintage base ball,https://www.wikidata.org/entity/Q7932863,
/m/0b__n__,Rugby short,https://www.wikidata.org/entity/Q7378330,
/m/0b__y2j,Mysis,https://www.wikidata.org/entity/Q601140,
/m/0b_c9_,Packard four hundred,,
/m/0b_d05,Packard cavalier,,
/m/0b_fd,Sense,https://www.wikidata.org/entity/Q173253,http://vocab.getty.edu/page/aat/300055137
/m/0b_fwt,Electronic tuner,https://www.wikidata.org/entity/Q1298056,
/m/0b_hjw,Yamaha p-120,https://www.wikidata.org/entity/Q8047727,
/m/0b_hy9,Subway,https://www.wikidata.org/entity/Q297686,
/m/0b_jlh,Dotara,https://www.wikidata.org/entity/Q611259,http://vocab.getty.edu/page/aat/300265930
/m/0b_l7,Parasite,https://www.wikidata.org/entity/Q186517,
/m/0b_mvtv,Citroen cx break,,
/m/0b_my,Petri dish,https://www.wikidata.org/entity/Q81714,
/m/0b_nd,Massage,https://www.wikidata.org/entity/Q179415,
/m/0b_nmw,Packard patrician,,
/m/0b_rs,Swimming pool,https://www.wikidata.org/entity/Q1501,http://vocab.getty.edu/page/aat/300007376
/m/0b_t8t,Rumpler tropfenwagen,,
/m/0b_xdx,Little Brown Myotis,https://www.wikidata.org/entity/Q746127,http://vocab.getty.edu/page/aat/300250565
/m/0b_ykq,Peanut sauce,https://www.wikidata.org/entity/Q107310187,
/m/0b_zf,Plumbing,https://www.wikidata.org/entity/Q3241671,http://vocab.getty.edu/page/aat/300078157
/m/0bb154,110 metres hurdles,https://www.wikidata.org/entity/Q170004,
/m/0bbbgt,Sash window,https://www.wikidata.org/entity/Q2724263,http://vocab.getty.edu/page/aat/300266766
/m/0bbd4m,Drag boat racing,https://www.wikidata.org/entity/Q1254505,
/m/0bbd9t,Egg sandwich,https://www.wikidata.org/entity/Q4304396,
/m/0bbdwx,Audi roadjet,,
/m/0bbfjb,Lincoln mkz,,
/m/0bbj78,Pequi,https://www.wikidata.org/entity/Q3411901,
/m/0bbmf_,Puppy chow,https://www.wikidata.org/entity/Q5288159,
/m/0bbmgb,Airport apron,https://www.wikidata.org/entity/Q573970,
/m/0bbpf3,San Joaquin Coachwhip,https://www.wikidata.org/entity/Q5137642,
/m/0bbsy8,Yeung chow fried rice,,
/m/0bbtn7c,Bench (Geography),https://www.wikidata.org/entity/Q622346,
/m/0bbtpgn,Titanium ring,https://www.wikidata.org/entity/Q7809855,
/m/0bbv6fb,Mole sauce,https://www.wikidata.org/entity/Q236246,
/m/0bbw94t,Giant goldenrod,https://www.wikidata.org/entity/Q609627,
/m/0bbx1p,Fried aubergine,https://www.wikidata.org/entity/Q5503619,
/m/0bbx1tk,Cocadas,https://www.wikidata.org/entity/Q2981212,
/m/0bbxq8q,Ball hockey,https://www.wikidata.org/entity/Q4851253,
/m/0bby24z,Moustache,,
/m/0bbzj3n,Porsche 918,,
/m/0bbzjby,Common alexanders,https://www.wikidata.org/entity/Q2705719,
/m/0bbzk4v,Bmw 3 series (f30),,
/m/0bbzvvf,Laelia crispa,https://www.wikidata.org/entity/Q6470922,
/m/0bbzy27,Equalizer,https://www.wikidata.org/entity/Q3730788,
/m/0bc16m,Chicken balls,https://www.wikidata.org/entity/Q5096293,
/m/0bc4p4,North American spadefoot,,
/m/0bc74n,Californian white oak,https://www.wikidata.org/entity/Q1377986,http://vocab.getty.edu/page/aat/300375072
/m/0bc8j0,Lorquin's Admiral,https://www.wikidata.org/entity/Q2533699,
/m/0bc95d,Gopher tortoise (Genus),https://www.wikidata.org/entity/Q1012045,
/m/0bcc3z,Amatriciana sauce,,
/m/0bccc4,Guanciale,https://www.wikidata.org/entity/Q194632,
/m/0bcgbd,Little red flying fox,https://www.wikidata.org/entity/Q559965,
/m/0bcgj0,Ten-ball,https://www.wikidata.org/entity/Q163853,
/m/0bcl4q,Dress shoe,https://www.wikidata.org/entity/Q8210401,
/m/0bcl7z,Volkswagen sp2,,
/m/0bcn9w,Baton twirling,https://www.wikidata.org/entity/Q733010,
/m/0bcq_3,Giardiniera,https://www.wikidata.org/entity/Q3763843,
/m/0bcrxp,Tlayuda,https://www.wikidata.org/entity/Q7810735,
/m/0bcz5l,Unni appam,https://www.wikidata.org/entity/Q7897181,
/m/0bczwb,Rack,https://www.wikidata.org/entity/Q408837,
/m/0bd3t5,Ferrari 288 gto,,
/m/0bd73f,Chevrolet kodiak,,
/m/0bd7td,Bouleuterion,https://www.wikidata.org/entity/Q751024,
/m/0bdbpn,Obedience trial,https://www.wikidata.org/entity/Q39446,
/m/0bdcn,Cod,https://www.wikidata.org/entity/Q13194939,
/m/0bdd3,Anglerfish,https://www.wikidata.org/entity/Q206948,
/m/0bddyn,Jollof rice,https://www.wikidata.org/entity/Q816663,
/m/0bdf27,Moin moin,https://www.wikidata.org/entity/Q6894609,
/m/0bdvzq,Lusheng,https://www.wikidata.org/entity/Q1595537,
/m/0bf38f,Wildmint,https://www.wikidata.org/entity/Q5223309,
/m/0bf5hy,Cleaver,https://www.wikidata.org/entity/Q938509,http://vocab.getty.edu/page/aat/300199941
/m/0bf_g3,Bacon and egg pie,https://www.wikidata.org/entity/Q4839943,
/m/0bfd7m,Toyota aurion,,
/m/0bfjrs,Bristol 400,,
/m/0bfk1x,Red yeast rice,https://www.wikidata.org/entity/Q1135788,
/m/0bfmhf,Eid prayers,https://www.wikidata.org/entity/Q3240093,
/m/0bftj4,Ice cream bar,https://www.wikidata.org/entity/Q1319591,
/m/0bfy5q,Lint remover,https://www.wikidata.org/entity/Q1392759,
/m/0bfyk8,Limnophila aromatica,https://www.wikidata.org/entity/Q1134038,
/m/0bg0t,Schematic,https://www.wikidata.org/entity/Q4514647,http://vocab.getty.edu/page/aat/300034458
/m/0bg1f1,Pontiac g5,,
/m/0bg2p,Security,https://www.wikidata.org/entity/Q2526135,
/m/0bg3kk,Chevrolet ss,,
/m/0bg4ww,Mitsubishi zinger,,
/m/0bg7b,Shield,https://www.wikidata.org/entity/Q131559,http://vocab.getty.edu/page/aat/300036869
/m/0bg_nc,Jam roly-poly,https://www.wikidata.org/entity/Q6127085,
/m/0bg_x1,Worried,https://www.wikidata.org/entity/Q1436482,
/m/0bgbgf,Saw sam sai,https://www.wikidata.org/entity/Q6577044,
/m/0bgft7p,Goat milk,,
/m/0bglk7,Zuppa inglese,https://www.wikidata.org/entity/Q230256,
/m/0bgmt1,Child model,https://www.wikidata.org/entity/Q3286047,
/m/0bgt3r,Lincoln cosmopolitan,,
/m/0bgvcb,Weeder,https://www.wikidata.org/entity/Q14031369,http://vocab.getty.edu/page/aat/300432903
/m/0bgyd8,Hulusi,https://www.wikidata.org/entity/Q1478007,
/m/0bgz_6,Gratin dauphinois,,
/m/0bh01j,Morris cowley,,
/m/0bh2pb,Henry j,,
/m/0bh41s,Feist,https://www.wikidata.org/entity/Q350507,
/m/0bh574,Đàn nhị,https://www.wikidata.org/entity/Q8079925,
/m/0bh59y,Lincoln custom,,
/m/0bh6t6c,Rescuer,https://www.wikidata.org/entity/Q17126809,
/m/0bh7np8,West African cuisine,https://www.wikidata.org/entity/Q11880026,
/m/0bh82pz,Water smartweed,https://www.wikidata.org/entity/Q157569,
/m/0bh8hyx,Bed skirt,https://www.wikidata.org/entity/Q4878968,
/m/0bh8k2g,Tambouras,https://www.wikidata.org/entity/Q3559944,
/m/0bh8mlz,Alsophila pometaria,https://www.wikidata.org/entity/Q1370141,
/m/0bh8wvq,Iris japonica,https://www.wikidata.org/entity/Q5002969,
/m/0bh99y_,Electric bicycle,https://www.wikidata.org/entity/Q924724,
/m/0bh9flk,Tablet computer,https://www.wikidata.org/entity/Q155972,http://vocab.getty.edu/page/aat/300387132
/m/0bh9nt6,Pholisora catullus,https://www.wikidata.org/entity/Q7187101,
/m/0bh9q8s,Delicacy,https://www.wikidata.org/entity/Q2312129,
/m/0bh9xgb,Iso rivolta ir 300,,
/m/0bh_1q,Eastern woodrat,https://www.wikidata.org/entity/Q1766870,
/m/0bh_8m,Maserati boomerang,,
/m/0bhb04,Pecel,https://www.wikidata.org/entity/Q5261363,
/m/0bhb1h8,Money bag,https://www.wikidata.org/entity/Q6899212,http://vocab.getty.edu/page/aat/300215554
/m/0bhbtb5,Medicine chest,https://www.wikidata.org/entity/Q6806761,http://vocab.getty.edu/page/aat/300165852
/m/0bhc9zt,Maniola,https://www.wikidata.org/entity/Q1415016,
/m/0bhcrf,Ngo hiang,https://www.wikidata.org/entity/Q7022462,
/m/0bhcs3,Jello salad,https://www.wikidata.org/entity/Q6176869,
/m/0bhfcw,Chwee kueh,https://www.wikidata.org/entity/Q997361,
/m/0bhgp_,Lincoln capri,,
/m/0bhj7w,Claypot chicken rice,https://www.wikidata.org/entity/Q2798667,
/m/0bhl4z,Pannekoek,,
/m/0bhmh,Telephony,https://www.wikidata.org/entity/Q944584,http://vocab.getty.edu/page/aat/300343518
/m/0bhn86,Siopao,https://www.wikidata.org/entity/Q3552223,
/m/0bhnm,Uninterruptible power supply,https://www.wikidata.org/entity/Q207696,
/m/0bht5d,White sweet clover,https://www.wikidata.org/entity/Q158596,
/m/0bhtpc,Maeuntang,https://www.wikidata.org/entity/Q851734,
/m/0bhv65,Morris eight,,
/m/0bj6r,System,https://www.wikidata.org/entity/Q58778,
/m/0bj_6t,Handymax,https://www.wikidata.org/entity/Q1515329,
/m/0bjdsn,Rhubarb pie,https://www.wikidata.org/entity/Q5256427,
/m/0bjfsl,Honda life,https://www.wikidata.org/entity/Q6324011,
/m/0bjmpj,Tvr griffith,,
/m/0bjpvy,Petit gâteau,,
/m/0bjpyp,Lotus mark vi,,
/m/0bjqx4,Fitness and figure competition,https://www.wikidata.org/entity/Q841186,
/m/0bjr67,Buick velite,,
/m/0bjrtp,Cirneco dell'etna,https://www.wikidata.org/entity/Q38262,
/m/0bjryw,Felty germander,https://www.wikidata.org/entity/Q2415298,
/m/0bjyj5,Waste container,https://www.wikidata.org/entity/Q216530,http://vocab.getty.edu/page/aat/300197615
/m/0bk3m1,Dental assistant,https://www.wikidata.org/entity/Q489933,
/m/0bk5m9,Bus driver,https://www.wikidata.org/entity/Q829020,
/m/0bk6_k,Citroën fukang,,
/m/0bk6qg,Citroën c-triomphe,,
/m/0bk976,Smart roadster,,
/m/0bk_y7,Bermuda shorts,https://www.wikidata.org/entity/Q303347,http://vocab.getty.edu/page/aat/300221453
/m/0bkbh8,Queen,https://www.wikidata.org/entity/Q1244248,
/m/0bkfkz,Sweet cicely,https://www.wikidata.org/entity/Q16863084,
/m/0bkhy0,Indian chinese cuisine,https://www.wikidata.org/entity/Q8963561,
/m/0bkj9_,Triumph tr3,,
/m/0bkjfh,Triumph tr2,,
/m/0bkll,Spanish fish,https://www.wikidata.org/entity/Q199788,
/m/0bkmqg,Dacia pick-up,,
/m/0bknm3,Canarian wrinkly potatoes,https://www.wikidata.org/entity/Q597159,
/m/0bkqqh,Signage,,
/m/0bkwyp,Wind controller,https://www.wikidata.org/entity/Q882090,
/m/0bkxj,Server,,
/m/0bkz2v,Marsh labrador tea,https://www.wikidata.org/entity/Q247714,
/m/0bkzfr,Rosy maple moth,https://www.wikidata.org/entity/Q137502,
/m/0bkzv8,Nissan leopard,,
/m/0bl0l,Garden,https://www.wikidata.org/entity/Q1107656,http://vocab.getty.edu/page/aat/300008090
/m/0bl0pb,Canadian passport,https://www.wikidata.org/entity/Q1264695,
/m/0blbtf,Springerle,https://www.wikidata.org/entity/Q1429062,
/m/0bldl1,Garlic knot,https://www.wikidata.org/entity/Q5523466,
/m/0bll2b,Shrimp toast,https://www.wikidata.org/entity/Q873336,
/m/0bllpv,Puggle,https://www.wikidata.org/entity/Q2620608,
/m/0blmsy,Olla podrida,https://www.wikidata.org/entity/Q1968771,
/m/0blrmf,Saab aero-x,,
/m/0blry,Calliope,https://www.wikidata.org/entity/Q103975,
/m/0bls7l,Chiloglottis,https://www.wikidata.org/entity/Q429883,
/m/0blvz,Buick,https://www.wikidata.org/entity/Q27415,
/m/0blw4s,Huntaway,https://www.wikidata.org/entity/Q38425,
/m/0blws,Hyundai,https://www.wikidata.org/entity/Q55931,
/m/0blx4c,Chicken salad,https://www.wikidata.org/entity/Q5096323,
/m/0bly05,Housewarming party,https://www.wikidata.org/entity/Q2641832,
/m/0blz9,Fence,https://www.wikidata.org/entity/Q148571,
/m/0blzr,Barbed wire,https://www.wikidata.org/entity/Q192065,http://vocab.getty.edu/page/aat/300011064
/m/0bm02,Bass drum,https://www.wikidata.org/entity/Q211028,http://vocab.getty.edu/page/aat/300041732
/m/0bm1pg,Hot dog stand,https://www.wikidata.org/entity/Q11996675,
/m/0bm8qyq,Thoroughfare,https://www.wikidata.org/entity/Q83620,
/m/0bm9_0,Cadillac cts-v,,
/m/0bm9sv0,Masai lion,https://www.wikidata.org/entity/Q20907143,
/m/0bmbqxs,Hojuela,https://www.wikidata.org/entity/Q5877909,
/m/0bmbtg,Budu,https://www.wikidata.org/entity/Q1001557,
/m/0bmc4wk,Palette,https://www.wikidata.org/entity/Q297973,
/m/0bmc8vs,Tongue-and-groove pliers,https://www.wikidata.org/entity/Q1976305,
/m/0bmcrh5,Cover meter,https://www.wikidata.org/entity/Q2422083,
/m/0bmcwl,Custard cream,https://www.wikidata.org/entity/Q3246820,
/m/0bmcxm,Renault magnum,,
/m/0bmd22,Sight glass,https://www.wikidata.org/entity/Q1317966,
/m/0bmd84,Fuel gauge,https://www.wikidata.org/entity/Q1786026,
/m/0bmds7,Mg c-type midget,,
/m/0bmf3nz,Salty dog,https://www.wikidata.org/entity/Q7406254,
/m/0bmf50,Toyota fortuner,,
/m/0bmg4jc,Sotalia,https://www.wikidata.org/entity/Q1341231,
/m/0bmgjqz,Sport venue,https://www.wikidata.org/entity/Q1076486,http://vocab.getty.edu/page/aat/300007250
/m/0bmhfn,Nord electro,https://www.wikidata.org/entity/Q2978662,
/m/0bmj3zs,Wheelchair fencing,https://www.wikidata.org/entity/Q2440459,
/m/0bmjtsc,Arroz con gandules,https://www.wikidata.org/entity/Q4796282,
/m/0bmjwcm,Cleaving axe,https://www.wikidata.org/entity/Q5131012,
/m/0bmjxs9,Nintendo 3ds,,
/m/0bmkbb8,Hainan cuisine,https://www.wikidata.org/entity/Q5639389,
/m/0bmnm,Tin whistle,https://www.wikidata.org/entity/Q615403,http://vocab.getty.edu/page/aat/300256394
/m/0bmr5v,Hourglass,https://www.wikidata.org/entity/Q179904,http://vocab.getty.edu/page/aat/300198626
/m/0bmz2,Cable,https://www.wikidata.org/entity/Q188447,http://vocab.getty.edu/page/aat/300050615
/m/0bn3fm,Mg f-type magna,,
/m/0bn3y5,San storm,,
/m/0bn7bg,Cruciferous vegetables,https://www.wikidata.org/entity/Q5189799,
/m/0bn__6,Ruxton,,
/m/0bnh_t,Volkswagen taro,,
/m/0bnmvc,Ford tourneo,,
/m/0bnvcx,Karatalas,,
/m/0bnvd7,Combai,https://www.wikidata.org/entity/Q29028,
/m/0bnwtj,Equestrian helmet,https://www.wikidata.org/entity/Q2718981,
/m/0bp17jw,Trampolining--Equipment and supplies,,
/m/0bp37nz,Propeller-driven aircraft,,
/m/0bp3f6m,Fried food,https://www.wikidata.org/entity/Q300472,
/m/0bp3fv,Neottia nidus-avis,https://www.wikidata.org/entity/Q157441,
/m/0bp3j53,Boats and boating--Equipment and supplies,,
/m/0bp510f,Sailboat racing,,
/m/0bp6j,Screen-printing,https://www.wikidata.org/entity/Q187791,http://vocab.getty.edu/page/aat/300053281
/m/0bp7w,Printmaking,https://www.wikidata.org/entity/Q271588,http://vocab.getty.edu/page/aat/300131119
/m/0bp_2p,Gown,https://www.wikidata.org/entity/Q1036729,http://vocab.getty.edu/page/aat/300046161
/m/0bp_2vx,Still photographer,https://www.wikidata.org/entity/Q20743434,http://vocab.getty.edu/page/aat/300025699
/m/0bp_wy,Oil,https://www.wikidata.org/entity/Q42962,
/m/0bpb7w,Manjar blanco,https://www.wikidata.org/entity/Q11690488,
/m/0bpc7w,Bulbul tarang,https://www.wikidata.org/entity/Q15307471,
/m/0bpd70,Tvr 350se,,
