LabelName,DisplayName
/m/0d_fj,Hockey puck
/m/0d_jdb,Jaguar xj13
/m/0d_m7d,Durango boot
/m/0d_msv,Pan-bagnat
/m/0d_qg3,Beer bread
/m/0d_snrp,Practice chanter
/m/0d_t_q,Holden vz commodore
/m/0d_tyn,Cheonggukjang
/m/0d_x0p,Dopiaza
/m/0d_xzc,Apatura
/m/0d_y8t,Hyundai aero town
/m/0d_yh2,Hyundai super truck
/m/0db0h_,Pinakbet
/m/0db0qw,Hamper
/m/0db10c,Mud bogging
/m/0db1j8,Volkswagen ea489 basistransporter
/m/0db2f,High-speed rail
/m/0db6d,Kiss
/m/0db79,Clergy
/m/0dbjz7,Striped Chorus Frog
/m/0dbk_j,Kai ken
/m/0dbl1z,Yukon gold potato
/m/0dbrl,Garlic
/m/0dbs2,Gargoyle
/m/0dbsnr,Volkswagen constellation
/m/0dbtv,Flood
/m/0dbvj3,Writing desk
/m/0dbvp,Goose
/m/0dbxbw,Sardenara
/m/0dbxd8,Ford escort rs 1700t
/m/0dbxhq,Joint compound
/m/0dbzx,Mule
/m/0dc0xz,Airsoft pellets
/m/0dc1ms,Rhus ovata
/m/0dc2mm,Goldmoss stonecrop
/m/0dc3k,Enchilada
/m/0dc47l,Electronic tanpura
/m/0dc4t,Mole
/m/0dc6bc,Bank teller
/m/0dc7td,Purplehead
/m/0dc_tt,Charina
/m/0dc_v,Astronomy
/m/0dcfv,Table sugar
/m/0dcg9r,Westfield xtr2
/m/0dchj,Personal rapid transit
/m/0dcjfr,Garden tool
/m/0dck7t,Chikki
/m/0dcms,United states postal service
/m/0dcnjs,Champorado
/m/0dcp0,Flash memory
/m/0dcq80,Escolar
/m/0dcx_r,Ice cave
/m/0dcy8,Bigtree
/m/0dcyp,Texas longhorn
/m/0dczxq,Diffuser
/m/0dd32g,Destroyer tender
/m/0dd37,Laser printing
/m/0dd45,Dot matrix printing
/m/0dd4k,Funicular
/m/0dd5q,Jinrikisha
/m/0dd6m,Inkjet printing
/m/0dd7d,Oregon pine
/m/0dd99j,Striped Skunk
/m/0ddb920,Chrysler 200
/m/0ddcdmg,Grape soda
/m/0dddc3,Spotted jewelweed
/m/0ddf5,Buccaneer
/m/0ddfgx,Mg k-type magnette
/m/0ddgj_3,Wild orange
/m/0ddh25,Breadnut
/m/0ddhqh,Stud finder
/m/0ddhz,Iaidō
/m/0ddlm7,Voltage converter
/m/0ddm59,Asian soups
/m/0ddmw_,Dinengdeng
/m/0ddn04,Foam (Food)
/m/0ddnl,Ferry
/m/0ddnlv,Siren
/m/0ddq_1,Lacrosse stick
/m/0ddqw,Princess Leia
/m/0ddrt,Boba fett
/m/0ddrvl,Powder-actuated tool
/m/0ddyv9,Hackberry
/m/0df2hk,Boathouse
/m/0df6p,Manta ray
/m/0df80,Castanet
/m/0df8xq,Nonbuilding structure
/m/0df_n8,Frisbee games
/m/0dfbw,Racing
/m/0dfdv,Snow leopard
/m/0dffp,Router (Tool)
/m/0dffxw,Austin 10
/m/0dfgf,Feather
/m/0dfgh9,Huaiyang cuisine
/m/0dflpy,Indian elephant
/m/0dflqz,Blue lacy
/m/0dfm1j,Cetoniidae
/m/0dfmm,Space station
/m/0dfq0y,Aston martin short chassis volante
/m/0dftk,Swan
/m/0dfv36,Irish car bomb
/m/0dfw0n,Lampranthus
/m/0dfw4h,Hymenocallis
/m/0dfxcnz,Dijon mustard
/m/0dfxcvl,Red bell pepper
/m/0dfxd1b,Grated parmesan
/m/0dfxdbn,Yellow cake mix
/m/0dfxddd,Teriyaki sauce
/m/0dfxdfp,Yellow pepper
/m/0dfxdkp,Ground white pepper
/m/0dfxdpq,Chili paste
/m/0dfxdrn,Tamari
/m/0dfxdtf,White cake mix
/m/0dfxdv2,Oat bran
/m/0dfxf1_,Wholegrain mustard
/m/0dfzhv,Southern Leopard Frog
/m/0dfzmm,Myrciaria
/m/0dg0w,Computed tomography
/m/0dg30cd,Plain fat-free yogurt
/m/0dg7_b,Gray Hairstreak
/m/0dg7fl,Orange Sulphur
/m/0dgc3t,Automobile repair shop
/m/0dgd_,Cinematographer
/m/0dgg83,Headbanging
/m/0dglm,American black bear
/m/0dgn43p,Catfoot cudweed
/m/0dgn463,Calochilus robertsonii
/m/0dgp7p,Caparo t1
/m/0dgpf9b,Flying duck orchid
/m/0dgq548,Petit salé
/m/0dgq8nv,Round-nose pliers
/m/0dgqt58,Esquites
/m/0dgr9,Magnet
/m/0dgs3tb,Lamborghini sesto elemento
/m/0dgsb1k,Whipsaw
/m/0dgsmhc,Yoga mat
/m/0dgsmq8,Artwork
/m/0dgv00,Gamjatang
/m/0dgvd_,Kogel mogel
/m/0dgw9r,Human
/m/0dh21,Pipeline transport
/m/0dh8s,Mail
/m/0dh90q,Board track racing
/m/0dh991,Beach rugby
/m/0dh__6,Cacciucco
/m/0dhh94,Nurse shark
/m/0dhlp4,Sevan trout
/m/0dhr42,Footbag net
/m/0dht30,Volvo pv 36 carioca
/m/0dht98,Squash Vine Borer
/m/0dhvj7,Kromfohrländer
/m/0dhy7x,Canterbury bells
/m/0dhz0,Airliner
/m/0dhzt0,Red banded Hairstreak
/m/0dj0kg,Cloth merchant
/m/0dj1r,Californian black oak
/m/0dj24b,Kabab koobideh
/m/0dj2h6,Kadhi
/m/0dj2hx,Lotus eleven
/m/0dj2nv,Chery v5
/m/0dj2wpn,Green bell pepper
/m/0dj2x3,Muthia
/m/0dj6p,Peach
/m/0dj75,Onion
/m/0dj81,Bulb
/m/0dj8k,Kenjutsu
/m/0dj9n9,Bolas criollas
/m/0djbc,Guillotine
/m/0djbw,Rabbi
/m/0djh8b,Silken windhound
/m/0djhcg,Green bean casserole
/m/0djkp8,Laperm
/m/0djmp,Ancient history
/m/0djnbz,Morris six ms
/m/0djs56,Regularity rally
/m/0djtd,Coconut
/m/0djwly,Mud turtle
/m/0djxw4,Phytolaccaceae
/m/0djyym,Neotinea ustulata
/m/0djz8d,Lawn aerator
/m/0djzjj,Pruning shears
/m/0dk0r5,Apple dumpling
/m/0dk388,Radiologic technologist
/m/0dk462,Tvr cerbera speed 12
/m/0dk6sl,Hedge trimmer
/m/0dk_k9,Lycaena
/m/0dkb9w,Cozonac
/m/0dkbk80,Sprouted wheat
/m/0dkbqt,Little Grass Frog
/m/0dkd6ry,Itaipava
/m/0dkg2h,Pissaladière
/m/0dkssk,Kluski
/m/0dkw5,Machine
/m/0dkxm,Mold
/m/0dkzw,Seat belt
/m/0dl16c,Wildlife biologist
/m/0dl1v4,Phat si io
/m/0dl21s,Drunken noodles
/m/0dl6q,Silk
/m/0dl76,Prince
/m/0dl83,Arrow
/m/0dl8m,Dam
/m/0dlgzb,Bakmi
/m/0dlk0vw,Floribunda
/m/0dlkw87,Buick verano
/m/0dll20w,Three olives vodka
/m/0dlly9m,Home accessories
/m/0dlm8j,Buttonbush
/m/0dln2t7,Dabeli
/m/0dlnfl3,Calochilus paludosus
/m/0dlr_m,Futebol de salão
/m/0dlsr0,Pizza stone
/m/0dlsw6,Khmeli suneli
/m/0dly90,Leather jacket
/m/0dm32,Sweet potato
/m/0dm6dl,Barechested
/m/0dmk_2,Golden poison frog
/m/0dmnj2,Rolls-royce
/m/0dmpm,Moped
/m/0dmq2,Scooter
/m/0dms2,Blimp
/m/0dmvl0,Pontiac 2+2
/m/0dmw0,Plantago
/m/0dn37p,Weineck cobra limited edition
/m/0dn7v,Sumo
/m/0dn_6t,Iso grifo
/m/0dncb7,Mégane RS
/m/0dncwk,Renault fluence
/m/0dnhvf,Toyota dyna
/m/0dnhy,Sidewalk
/m/0dnkv,Supermarket
/m/0dnkv9,Calçot
/m/0dnkwr,Ocypodidae
/m/0dnl4z,Cheese roll
/m/0dnlbj,Traditional korean musical instruments
/m/0dnm_q,Papa rellena
/m/0dnn6f,Mitsubishi cordia
/m/0dnn7g,Mitsubishi tredia
/m/0dnqvy,Recliner
/m/0dnr7,Textile
/m/0dntg1,Human body louse
/m/0dnwy3,Hubei cuisine
/m/0dp0_x,Nagak
/m/0dp2wy,Mitsubishi delica
/m/0dp4pz,Sealant
/m/0dp5vr,Sheftalia
/m/0dp7g,Weaving
/m/0dp7vs,Narrow-body aircraft
/m/0dpbb,Eschscholzia californica
/m/0dpbg_,Kongnamul
/m/0dpc0v,German rex
/m/0dpj6t,Non-alcoholic beverage
/m/0dpkjq,Renault clio renault sport
/m/0dpm1v,Soccer ball
/m/0dpnytb,Afuche / cabasa
/m/0dprt0,Party favor
/m/0dpryk,Pamonha
/m/0dpsh1v,Double reed
/m/0dpvm,Arch
/m/0dpx6y,German longhaired pointer
/m/0dq254,Mercury eight
/m/0dq26j,Coxswain
/m/0dq43l,Matnakash
/m/0dq6zp,Rosa × centifolia
/m/0dq75,Raccoon
/m/0dqb5,Citrus
/m/0dqb6p,Elbow pad
/m/0dqc4,Caridean shrimp
/m/0dqfr0,Evergreen candytuft
/m/0dqhqh,Tatra 77
/m/0dqmm,Dendrobranchiata
/m/0dqr2j,Nissan 300c
/m/0dqs43,Ringlet (Hairstyle)
/m/0dr0bd,Fpv f6
/m/0dr0h,Touring car racing
/m/0dr0x,Sports car racing
/m/0dr19,Rallying
/m/0dr1f6,Cuatro
/m/0dr1q0,Daegeum
/m/0dr47,Boar
/m/0dr8qk,Cuckoo Wasps
/m/0dr9vm,Daf 66
/m/0dr_02,Makchang gui
/m/0dr_2l9,Lieutenant
/m/0dr_47_,Sattu
/m/0dr_96m,Munch
/m/0drh4d,Renault talisman
/m/0drh_,Origami
/m/0drhdd,Leninade
/m/0drl0f,Seatrout
/m/0drl9k,Amancae
/m/0drlh,Dia de los muertos (day of the dead)
/m/0drnw4,Bikejoring
/m/0drv1h,Mount scenery
/m/0drvx2,Old monk
/m/0drw6n_,Daun ubi tumbuk
/m/0drxhld,Nurol ejder
/m/0ds12q7,Sapindus saponaria
/m/0ds1tfp,Ghanta
/m/0ds291,Eastern Musk Turtle
/m/0ds2vd6,Inline skating
/m/0ds3xvb,Banana cue
/m/0ds4250,Bridegroom
/m/0ds4tv4,Pastis henri bardouin
/m/0ds4x,Hairstyle
/m/0ds5b,Facial hair
/m/0ds5x1,Magyar agár
/m/0ds61d1,Cut flowers
/m/0ds61fb,Batagor
/m/0ds7cq,Apalone
/m/0ds99lh,Fun
/m/0ds9skb,Capuns
/m/0dsc008,Place card
/m/0dsc799,Shikanjvi
/m/0dscjg,Mg l-type magna
/m/0dsdg3_,Czech handball
/m/0dsdk_d,English whisky
/m/0dsdqgv,Vispipuuro
/m/0dsf0c9,Turn
/m/0dsf4fq,Bakso
/m/0dshhx,Frostie root beer
/m/0dshv_,Padel
/m/0dshxs,Canjica (Corn)
/m/0dsjfd,Dornier do 31
/m/0dsmxd,Moskovskaya
/m/0dsnmx,Power hockey
/m/0dszd7,Biribol
/m/0dt0yv,Jachnun
/m/0dt23n,Borassus flabellifer
/m/0dt3t,Fork
/m/0dt455,Mongolian food
/m/0dt9xj,Rue-Anemone
/m/0dtc__,Peugeot 908 hdi fap
/m/0dtf_v,Lesser earless lizard
/m/0dthp,Rosh Hashana
/m/0dtln,Lamp
/m/0dtn7s,Map turtle
/m/0dtrfw,Avena (Drink)
/m/0dtv1f,Peugeot 905
/m/0dv0b7,Summer squash
/m/0dv27g,Blueberry pie
/m/0dv2dr,Ladder golf
/m/0dv34,Baking
/m/0dv3j,Boiling
/m/0dv3zf,Game boy
/m/0dv5r,Camera
/m/0dv6r,Squash (Sport)
/m/0dv77,Squash (Plant)
/m/0dv8l3,Slush
/m/0dv9c,Racket
/m/0dvg9,Ancient roman architecture
/m/0dvh9,Classical architecture
/m/0dvh_,Morris dance
/m/0dvplh,Platecarpus
/m/0dvr_q,Microseris lanceolata
/m/0dvsdw,Brook sucker
/m/0dvvc,Desktop computer
/m/0dvy1m,Ford th!nk
/m/0dvz2w,Chrysler 180
/m/0dw26w,Barren ground Caribou
/m/0dw7n,Digital camera
/m/0dw7zw,Syrena bosto
/m/0dw9f6,Creative arts
/m/0dw_m,Brunch
/m/0dwgb,Orange juice
/m/0dwhgf,Toilet brush
/m/0dwhh4,Colorado Hairstreak Butterfly
/m/0dwn8,Pickled cucumber
/m/0dwpk,Seasoning
/m/0dwpy,Marination
/m/0dwq1v,Wedding ring cushion
/m/0dwr4,Xylophone
/m/0dwrb_,Taco soup
/m/0dwrdq,Fuel line
/m/0dwrz,Braising
/m/0dwsp,Marimba
/m/0dwt5,Vibraphone
/m/0dwtp,Glockenspiel
/m/0dwvl,Celesta
/m/0dwx7,Logo
/m/0dwxr,Modern pentathlon
/m/0dwysm,Wine cellar
/m/0dx0vp,Formula libre
/m/0dx1j,Town
/m/0dx417,Kutiyapi
/m/0dx4k5,English marigold
/m/0dx88y,Canis panther
/m/0dx8hy,Florida Softshell Turtle
/m/0dxb5,Berry
/m/0dxjn,Deep frying
/m/0dxkr,Pan frying
/m/0dxlf,Grilling
/m/0dxn2,Roasting
/m/0dxnmb,Surface water sports
/m/0dxnxn,Semifreddo
/m/0dxpsn,Hoary bat
/m/0dxqz7,Strawberry pie
/m/0dxr0,Stir frying
/m/0dxrf,Frying
/m/0dxsnk,Crock
/m/0dxtw,Special effects
/m/0dy48d,Meat cutter
/m/0dy4cv,Beefeater gin
/m/0dy9cb,Daimler sp250
/m/0dy_9x,Streuselkuchen
/m/0dy_rs,Daimler majestic major
/m/0dyc53,Fishcake
/m/0dyh0d,Kalathappam
/m/0dyqf_,Paskha
/m/0dyqz9,Ferrari 340
/m/0dytr,Naval ship
/m/0dyv5,Q-ship
/m/0dywgn,Western pond turtle
/m/0dyx3,Boeing b-29 superfortress
/m/0dyxqq,Shish taouk
/m/0dz0lt,Tyrolean speck
/m/0dz0r1,Yukhoe
/m/0dz3r,Record producer
/m/0dz3r8,Fruit syrup
/m/0dz8tg,Plains Spadefoot
/m/0dz96,Magician
/m/0dz9l,Magic
/m/0dz_x9,Glacier cave
/m/0dzb2,Vein
/m/0dzcqd,Acarajé
/m/0dzct,Human face
/m/0dzd2h,Vatapá
/m/0dzd8,Neck
/m/0dzdms,Yellow garden spider
/m/0dzdr,Chest (Body Part)
/m/0dzf4,Human arm
/m/0dzgw5,Segway polo
/m/0dzh1q,Crawfish Frog
/m/0dzjls,Giant pacific octopus
/m/0dzp9m,Limenitis
/m/0dzr2d,Sannakji
/m/0dzrsv,Tx1
/m/0dzwg,Santalales
/m/0dzxvn,Bubur kacang hijau
/m/0dzxxc,Dried and salted cod
/m/0dzylc,Paurotis Palm
/m/0f010_,Monjayaki
/m/0f03z5,Rambler marlin
/m/0f04q0,Bungeoppang
/m/0f07x,Quinoa
/m/0f0ch,Cinnamon
/m/0f0gdw,Six lined Racerunner
/m/0f0hb,Narwhal
/m/0f0jjz,Pornography
/m/0f0q9,Village
/m/0f0qy6,Protea family
/m/0f0w2,Gamecube
/m/0f0wvs,Nocilla
/m/0f0x2,Gruyère cheese
/m/0f0xk,Limburger cheese
/m/0f115,Charadriiformes
/m/0f1bg,Luke skywalker
/m/0f1gc,Puffin
/m/0f1h8,Auk
/m/0f1mq,Dragonflies and damseflies
/m/0f1pg,Peccary
/m/0f1q_z,Queue
/m/0f1qdl,Eastern catalpa
/m/0f1qpk,Maserati 200s
/m/0f1tz,Calligraphy
/m/0f1vbh,Groundsnake
/m/0f1ykd,Slimy Salamander
/m/0f25_t,Camellia sasanqua
/m/0f25t7,Bird food
/m/0f25w9,Chicken meat
/m/0f26z1,Jaguar xjr-14
/m/0f28m,Symmetry
/m/0f2_z_,Speed-ball
/m/0f2b9,Champagne
/m/0f2f14,Popcorn maker
/m/0f2f9,Television program
/m/0f2j8,Touladi
/m/0f2lgf,Sole meunière
/m/0f2mbx,Blue violet
/m/0f2nzn,Guinness
/m/0f2rmf,Sugar puffs
/m/0f2vj2,Eumeces
/m/0f2wgs,Mekhong
/m/0f2y0,Darth vader
/m/0f30yl,Mitsubishi dignity
/m/0f32jg,Mitsubishi proudia
/m/0f339h,Portuguese pointer
/m/0f345s,Davidson's Plum
/m/0f35r8,Tesla roadster
/m/0f35w,Multi-sport event
/m/0f375,Baboon
/m/0f382,Fouquieria
/m/0f399,Herbicide
/m/0f3_n,Madder family
/m/0f3fd6,Steel-cut oats
/m/0f3ftg,Finger lime
/m/0f3k6,Colobus
/m/0f3mkb,Handheld television
/m/0f3qzk,Maserati 150s
/m/0f3s6,Cornales
/m/0f3wg7,Banchan
/m/0f3wh8,Smirk
/m/0f3zmw,Banana ketchup
/m/0f419z,Roti tissue
/m/0f41_h,Pasembur
/m/0f41s6,Mie goreng
/m/0f42y,Titan arum
/m/0f4345,Western hognose Snake
/m/0f447,Gothic architecture
/m/0f454,Rubus
/m/0f45jf,Renault Étoile filante
/m/0f45l,Steppe
/m/0f48p,Amphitheatre
/m/0f4d0q,Gazania
/m/0f4ns0,Jensen 541r
/m/0f4p9,Kart racing
/m/0f4s2w,Vegetable
/m/0f4s6,Breadfruit
/m/0f4slk,Fretsaw
/m/0f4t2,Dicotyledon
/m/0f531,Pudelpointer
/m/0f54r,Stingray
/m/0f571,Diaper
/m/0f57j,Evergreen Bagworm
/m/0f5cl,Grand prix motorcycle racing
/m/0f5f8,Cocoa bean
/m/0f5gc_,Banana leaf rice
/m/0f5gs,Reinforced concrete
/m/0f5jp,Vesak
/m/0f5jxq,Nasi dagang
/m/0f5lx,Military aircraft
/m/0f5mx3,Fiat 500 (2007)
/m/0f5zw,Fairy
/m/0f6gb2,Gateball
/m/0f6kt3,Northern bayberry
/m/0f6mr,Triceratops
/m/0f6nr,Unicycle
/m/0f6p6,Mountain unicycling
/m/0f6pl,Trolleybus
/m/0f6rkr,Devil's bridge
/m/0f6rw2,Fissure vent
/m/0f6ry4,Packard 180
/m/0f6wt,Falcon
/m/0f6x8,Bird of prey
/m/0f70b4,Seafood boil
/m/0f72b3,Crab boil
/m/0f748,Apron
/m/0f7987,Brouwerij bosteels
/m/0f7bzd,Rain barrel
/m/0f7cb,Opal
/m/0f7chl,Viru valge
/m/0f7gf,Citric acid
/m/0f7h3j,Austin 12
/m/0f7kfd,Auto race
/m/0f7lhk,Chevrolet townsman
/m/0f7llb,Chevrolet kingswood
/m/0f7mgp,Bookmark
/m/0f7ps,Rc cola
/m/0f7qcx,Packard super eight
/m/0f7rp,Root beer
/m/0f7sw,Cicada
/m/0f7swz,Fårikål
/m/0f7tld,Ghungroo
/m/0f7vt7,Hartmann neuron
/m/0f7wh3,Yellow curry
/m/0f828h,Birkin bag
/m/0f85g,Basilica
/m/0f869q,Zil-112 sports
/m/0f872t,Mercedes-benz 260 d
/m/0f875y,Nanchang j-12
/m/0f8_k,Termite
/m/0f8b3l,Patra
/m/0f8cd2,Rotorcraft
/m/0f8f80,Cattleya labiata
/m/0f8gwm,Two-liter bottle
/m/0f8s22,Chime
/m/0f8sw,Cherry
/m/0f8vz4,Truck racing
/m/0f8w90,Chasmanthe
/m/0f8ym,Amish
/m/0f9400,Tofaş Şahin
/m/0f969h,Oberheim ob-xa
/m/0f96h,Trombonist
/m/0f96x8,Cuisine classique
/m/0f99t,Tonkatsu
/m/0f9_l,Snail
/m/0f9bbq,Georges Bank flounder
/m/0f9kh,Dew
/m/0f9l14,Smaland hound
/m/0f9lf,Newt
/m/0f9lr8,Thai fried rice
/m/0f9n3,Ginger
/m/0f9p0f,Greater galangal
/m/0f9qdc,Cdj
/m/0f9qq,Goldwasser
/m/0f9rmd,Avocado oil
/m/0f9s4s,Ski helmet
/m/0f9svp,Dutch baby pancake
/m/0f9swq,Chin
/m/0f9tj,Technical drawing
/m/0f_10p,Scoop
/m/0f_4g0,Roller cone bit
/m/0f_567,Pla ra
/m/0f_78,Paratrooper
/m/0f_7y7,Reactable
/m/0f_82h,Isuzu giga
/m/0f_8ck,Paya
/m/0f__y6,Red cooking
/m/0f_g6b,Artistic cycling
/m/0f_lsn,Toyota rsc
/m/0f_m6,Coatimundi
/m/0f_rsr,Holden vy commodore
/m/0f_zzx,Volvo pv51-57
/m/0fb1h8,Wrestling singlet
/m/0fbdb,Strawberries
/m/0fbdv,Shellfish
/m/0fbf1m,Terrestrial animal
/m/0fbf8,Molluscs
/m/0fbflw,Terrestrial plant
/m/0fbg0_,Fiberfab avenger gt
/m/0fbhfs,Kuding
/m/0fbm_g,Slopestyle
/m/0fbmp,Slaughterhouse
/m/0fbrr4,Freebord
/m/0fbw6,Cabbage
/m/0fc1fy,Black hair
/m/0fc_rc,Manakish
/m/0fcfl0,Smooth Earth Snake
/m/0fcgqx,Checkered Garter Snake
/m/0fclq7,Quaker instant oatmeal
/m/0fcny,Lockheed sr-71 blackbird
/m/0fcp14,Shih-poo
/m/0fczf,Nurse
/m/0fd02,Registered nurse
/m/0fd08g,Banded water snake
/m/0fd2m,Deacon
/m/0fd2tg,Toaster strudel
/m/0fd4f,Postcard
/m/0fd6q,Cash
/m/0fdb3,Jeet kune do
/m/0fdc63,Laelia albida
/m/0fdd7w,Panoz roadster
/m/0fdfvv,Hopper barge
/m/0fdl3h,Carpe diem
/m/0fdmgq,Ford fairlane 500 skyliner
/m/0fdn3q,Lawn game
/m/0fdy0g,Barley water
/m/0ff01m,Roti john
/m/0ff7dl,Fire screen
/m/0ffgfm,Caucasian cuisine
/m/0ffhf,Donkey
/m/0ffhy,Clam
/m/0ffjr,Personal protective equipment
/m/0ffqsq,Pegaso z-102
/m/0fg019,Eye liner
/m/0fg0m,Peanut
/m/0fg1yw,Oliebol
/m/0fg34,Nurse uniform
/m/0fg3h,School uniform
/m/0fg66_,Vada
/m/0fg9n8,Mud Snake
/m/0fg_4r,Moka pot
/m/0fg_n,Shampoo
/m/0fgh8v,Cesky fousek
/m/0fgh9k,Facel vega facel ii
/m/0fgkh,Turquoise
/m/0fglr0,Coconut macaroon
/m/0fgq8s,Cowfish
/m/0fgryj,Gray snapper
/m/0fgsq2,Art dealer
/m/0fgvxb,Bucium
/m/0fh1cm,Boeuf à la mode
/m/0fh8qn,Learjet 35
/m/0fh90p,Curry chicken noodles
/m/0fh_tf,Ural-4320
/m/0fh_v3,Wheat germ oil
/m/0fhckn,Shotgun start
/m/0fhrwd,Strings
/m/0fhs85,Ural-375d
/m/0fhzqd,Galvanina
/m/0fj05m,Zil-157
/m/0fj52s,Carrot
/m/0fj8ng,Hyundai mega truck
/m/0fj9bq,Western saloon
/m/0fj9f,Politician
/m/0fjb1g,Roller sport
/m/0fjbnh,Hyundai new power truck
/m/0fjfh,Capsicum
/m/0fjgg,Black rat
/m/0fjhjd,Zil 131
/m/0fjjtq,Vienna horn
/m/0fjk1q,Chery a11
/m/0fjkt,Tongue
/m/0fjmjf,Polish boy
/m/0fjn8,Han solo
/m/0fjqh,Northrop grumman e-2 hawkeye
/m/0fjs0v,Studio monitor
/m/0fjt2,Bandana
/m/0fjy1,Wildfire
/m/0fk2v,Sorghum
/m/0fkbys,Punchball
/m/0fkdq,Ophthalmology
/m/0fkfk,Chewbacca
/m/0fkjv,Sugarcane
/m/0fkl00,Hyundai mighty
/m/0fkl45,Digital photo frame
/m/0fklh,Memorial day
/m/0fkm7,Obi-wan kenobi
/m/0fknp4,Sorrel soup
/m/0fkpqk,Ting
/m/0fkqd,Linen
/m/0fkqzb,Morris commercial j4
/m/0fkrk,Grass family
/m/0fkrws,Morris commercial j-type
/m/0fktr,Dairy (Business)
/m/0fkvtb,Dodge 330
/m/0fkw0y,Motorized scooter
/m/0fkw3,Flour
/m/0fkwjg,Commercial vehicle
/m/0fkxq5,Vuvuzela
/m/0fky4v,Casa noble
/m/0fl3p,Rhubarb
/m/0fl887,Braque du bourbonnais
/m/0fl9gg,Thor
/m/0flc32,Renault sherpa 2
/m/0fldg,Mango
/m/0flfpd,Evening stock
/m/0flg6,Root
/m/0flgl2,Volkswagen tiguan
/m/0flk99,See-through clothing
/m/0fll5p,Coca-cola light sango
/m/0flqc7,Bocconcini
/m/0flsmt,Bolillo
/m/0flt3t,Mollete
/m/0fly7,Jeans
/m/0fm0p,Yuca
/m/0fm3zh,Flowerpot
/m/0fm5y3,Renault samsung sm3
/m/0fmcx_,Crane vessel (floating)
/m/0fmgyw,Hooded skunk
/m/0fmh8s,Hard-leaved pocket orchid
/m/0fmnf5,Compact van
/m/0fmrlk,Dolichopodidae
/m/0fmt3x,Breakfast roll
/m/0fmtd,Puppet
/m/0fmwsq,Caldeirada
/m/0fmxvb,Opel kapitän
/m/0fmxwd,Ferrari 159 s
/m/0fmzb3,Trip computer
/m/0fn3z,Calamondin
/m/0fn4p7,Nasa ad-1
/m/0fn6pt,Phyllobates
/m/0fncmx,Tenori-on
/m/0fnfql,Ajika
/m/0fnfy,Apricot
/m/0fnm6j,Honduran cuisine
/m/0fnnk8,Moskvitch
/m/0fnpgr,Hericium erinaceus
/m/0fnpj,Keyboard player
/m/0fnqb,Clarinetist
/m/0fnrbc,Solar panel
/m/0fnxj,Quarterstaff
/m/0fny9n,Yaksik
/m/0fp5h,Plum
/m/0fp5sh,Okinawan cuisine
/m/0fp6w,Pineapple
/m/0fp7c,Hawk
/m/0fp_sx,Ferrari 195 s
/m/0fpdgl,Human settlement
/m/0fpgyk1,Punched pocket
/m/0fphgp,Planer
/m/0fpj8mm,Mysida
/m/0fpjlj9,Garden roses
/m/0fpjpt,Lacustrine plain
/m/0fpp0g,Monoskiing
/m/0fppz4,Sweet potato pie
/m/0fptkh,Dewoitine d.371
/m/0fpzxm,Ferrari 166 inter
/m/0fq04wx,Tadpole
/m/0fq05ym,Tesla model x
/m/0fq0crf,Club chair
/m/0fq0fnf,Plank
/m/0fq0t_c,Music artist
/m/0fq14m2,Banana powder
/m/0fq15,European robin
/m/0fq1l67,Crawling
/m/0fq1zm,Pie and peas
/m/0fq22vb,Exhibition
/m/0fq2bn9,Northern Checkerspot
/m/0fq9h1,Fiberfab valkyrie
/m/0fq_j,Nunchaku
/m/0fq_pr,Jon boat
/m/0fqd9j,Lei cha
/m/0fqfqc,Drawer
/m/0fqkc_,Bokator
/m/0fql0,Taro
/m/0fqlj,Lettuce
/m/0fqm_,Dessert wine
/m/0fqq_84,Playstation vita
/m/0fqrt41,Yaka mein
/m/0fqt361,Stool
/m/0fqtq,Chickpea
/m/0fr19,Dandelion
/m/0fr81,Tgv
/m/0fr_mv,Vierendeel bridge
/m/0frq6,Pork
/m/0frqg3,Basketball (Ball)
/m/0frqm,Envelope
/m/0frrt7,Ferrari monza
/m/0frtt,Cranes-bill
/m/0frv7,Geranium cinereum
/m/0frzhw,Soy egg
/m/0fs0gh,Juniper berry
/m/0fs4v1,Puliyogare
/m/0fs5bd,Movax
/m/0fs5q7,Rolls-royce 20/25
/m/0fs6v,Rambutan
/m/0fs7v0,Mexican petunia
/m/0fs81,Przewalski's horse
/m/0fs8kq,Cottage hospital
/m/0fs90,Drupe
/m/0fs_r1,Daimler ds420
/m/0fsbk0,Health care provider
/m/0fsbr,Tapioca
/m/0fscp,Sago
/m/0fsdks,Laulau
/m/0fsg8,Harrier (Dog)
/m/0fshs,Fawn lily
/m/0fsj4,Erythronium 'pagoda'
/m/0fsjh,Antler
/m/0fsl8,Einkorn wheat
/m/0fsnf,Nematode
/m/0fss11,Mercury cyclone
/m/0fss2f,Curtido
/m/0fswb,Predation
/m/0fsx5,Palm oil
/m/0fszt,Cake
/m/0fszvh,Tapai
/m/0ft3cs,Jasione
/m/0ft3n6,Burr truss
/m/0ft9s,Dragonfly
/m/0ftb8,Common sunflower
/m/0ftbs,Blueberry
/m/0ftdwy,Footprint
/m/0ftf13,Playset
/m/0ftjdm,Mitsubishi freeca
/m/0ftjv8,Bolwell nagari
/m/0ftqq9,Holden ve commodore
/m/0ftx68,Scottish cuisine
/m/0fv5b6,Fiat turbina
/m/0fv_c6,Dubonnet
/m/0fvfk_,Tracking trial
/m/0fvj76,American aspen
/m/0fvjds,New Mexico maple
/m/0fvjp2,Fiat 1400
/m/0fvjvr,Fiat 2800
/m/0fvld_,Cuchifritos
/m/0fvmpz,Fiat 509
/m/0fvndp,Fiat 2300
/m/0fvxl2,Noble m15
/m/0fw68,Soap
/m/0fw86,Tap dance
/m/0fw8bz,Fiat 514
/m/0fw8g3,Fiat 518
/m/0fw96y,Sargassumfish
/m/0fw9d,Fig
/m/0fwd9h,Caramel shortbread
/m/0fx65,Gentiana
/m/0fx6n,Stemless gentian
/m/0fx72,Airship
/m/0fx7_,Good friday
/m/0fx80y,Plucked string instruments
/m/0fx9k9,Mitsubishi galant gto
/m/0fx9l,Microwave oven
/m/0fxd6v,Pygmy slow loris
/m/0fxhn,Bromeliaceae
/m/0fxkgr,Toyota ae85
/m/0fxnhn,Perro de presa mallorquin
/m/0fxnkq,Moscow watchdog
/m/0fxztn,Team penning
/m/0fy1y1,Elaeagnus multiflora
/m/0fy4lk,Bellini
/m/0fy5b,Cossacks
/m/0fy6g_,Party bike
/m/0fy6hp,Armrest
/m/0fy6nv,Head restraint
/m/0fy8cb,Short ribs
/m/0fy8r0,Center console
/m/0fy9k,Pride parade
/m/0fy9p2,Mane
/m/0fy__,Wax
/m/0fyd3,Freckle
/m/0fydkd,Araneus cavaticus
/m/0fykzy,Autobianchi a111
/m/0fypwt,Lynchburg lemonade
/m/0fyrdj,Vaccinium arboreum
/m/0fyw9s,Fried onion
/m/0fywjk,Jig grinder
/m/0fz0h,Honeycomb
/m/0fz0z,Honeybee
/m/0fz45h,Plum pine
/m/0fz4cp,Riberry
/m/0fz4q,Louse
/m/0fz4zl,Dogo guatemalteco
/m/0fz53g,Broholmer
/m/0fz5cq,Autobianchi stellina
/m/0fzb8x,Bracco italiano
/m/0fzqss,Cichla
/m/0fzyg,Aviation
/m/0fzz6j,Isuzu forward
/m/0g02dr,Toyota isis
/m/0g02q,Courthouse
/m/0g03wb,Toyota porte
/m/0g03wp,Toyota succeed
/m/0g03x0,Toyota probox
/m/0g03yf,Toyota sienta
/m/0g03z3,Toyota brevis
/m/0g0566,Diamond da42
/m/0g07j,Baklava
/m/0g0c5q,Chrysler atlantic
/m/0g0dy,Strait
/m/0g0rch,Danish swedish farmdog
/m/0g0vg,Aggression
/m/0g0vx,Farmer
/m/0g0y_,Sunflower seed
/m/0g0zc,Water buffalo
/m/0g12jb,Nissan civilian
/m/0g13ls,Hyundai county
/m/0g154l,Pocosin
/m/0g1b_t,Limnephilidae
/m/0g1bxp,Leptidea
/m/0g1f46,Coffee substitute
/m/0g1fdw,Pork loin
/m/0g1kn,Molasses
/m/0g1pf,Teff
/m/0g22xs,Ivory (Color)
/m/0g23wx,Indian passport
/m/0g244,Osage orange
/m/0g24k,Sugar substitute
/m/0g25k,Cedar
/m/0g27n,Resin
/m/0g2bbv,Cowboy beans
/m/0g2bc,Drone
/m/0g2d3,Serpent
/m/0g2dz,Melodica
/m/0g2f_s,Vorschmack
/m/0g2ff,Concertina
/m/0g2k1,Natural disaster
/m/0g2kpf,Mcmuffin
/m/0g2lsc,Nissan diesel quon
/m/0g2mh3,Nissan diesel condor
/m/0g2n9c,Lor mee
/m/0g2rqf,Triumph roadster
/m/0g2vc,Observatory
/m/0g2x4,Reed
/m/0g2xhp,Toyota motor triathlon race car
/m/0g2z8,Fog
/m/0g2zmg,Saddle
/m/0g35rh,Lotus 23
/m/0g37rz,Spectre r42
/m/0g38pq,Pancit malabon
/m/0g3bk3,Hyundai veracruz
/m/0g3dv,Akita inu
/m/0g3n24,Nissan hypermini
/m/0g3nfj,Sea captain
/m/0g3nz3,Sea aster
/m/0g3t4n,Pallet jack
/m/0g3wm,Cassowary
/m/0g42sd,Chilean rodeo
/m/0g44q5,Malasada
/m/0g46r,Customs
/m/0g4cd0,Tabby cat
/m/0g4fr,Papaya
/m/0g4k1g,Simca vedette
/m/0g4pl,Mbira
/m/0g4q3r,Spare ribs
/m/0g50gv,Audi coupé
/m/0g52fl,Desert lime
/m/0g53cct,Lamborghini aventador
/m/0g53dy3,Inka
/m/0g54stn,Pine White
/m/0g54v5d,Military vehicle
/m/0g55dfz,Savoy cabbage
/m/0g57fyh,Small northern bog orchid
/m/0g57nsf,Chelonoidis
/m/0g59stb,Treibball
/m/0g59y7,Neer dosa
/m/0g5brx,Backhousia myrtifolia
/m/0g5m_y,Colomba di pasqua
/m/0g5pw87,Bibingka
/m/0g5pzh_,Saba banana
/m/0g5q9qw,Bomb shot
/m/0g5qb5_,Otamatone
/m/0g5r2l8,Lasiommata megera
/m/0g5rn36,Kkultarae
/m/0g5s7,Pea
/m/0g5sb8j,Pin-back button
/m/0g5t67z,Githeri
/m/0g5z7f,Ford c-series
