LabelName,DisplayName,wikidata
/m/041d65,Vovinam,https://www.wikidata.org/entity/Q1551693
/m/041fdh,Chonmage,https://www.wikidata.org/entity/Q137592
/m/041j_x,Grain whisky,https://www.wikidata.org/entity/Q1007164
/m/041kzs,Biceps curl,https://www.wikidata.org/entity/Q3073715
/m/041lfl,Bmw m6,
/m/041m0n,Pommes anna,https://www.wikidata.org/entity/Q1800458
/m/041mtg,Efini ms-8,
/m/041mw7,Mazda cronos,
/m/041n31,Autozam revue,
/m/041n5x,Autozam az-1,
/m/041n9h,Mazda az-offroad,
/m/041pbb,Memo,https://www.wikidata.org/entity/Q660651
/m/041q5g,Windsports,https://www.wikidata.org/entity/Q17131033
/m/041r19,Jacuzzi (Brand),https://www.wikidata.org/entity/Q1122179
/m/041rqm,Santa matilde,
/m/041st8,Karasumi,https://www.wikidata.org/entity/Q8222673
/m/041tkb,Berberis,https://www.wikidata.org/entity/Q158503
/m/041tpy,Mazda6,
/m/041tzx,Mazda persona,
/m/041v3r,May wine,https://www.wikidata.org/entity/Q933644
/m/041vj3,Bicycle lighting,https://www.wikidata.org/entity/Q2414049
/m/041wmv,Lamnidae,
/m/041x0c,Mazda sentia,
/m/041x_j,Restroom,https://www.wikidata.org/entity/Q813966
/m/041yv8,Lathyrus sativus,https://www.wikidata.org/entity/Q162093
/m/0420v5,Punching bag,https://www.wikidata.org/entity/Q966668
/m/04214mr,Dulcitar,https://www.wikidata.org/entity/Q5313363
/m/04218gt,Cocido madrileño,https://www.wikidata.org/entity/Q1105215
/m/0421h8,Suzuki swift,
/m/0421r3r,Green pufferfish,https://www.wikidata.org/entity/Q1031500
/m/0421rd6,Burn,https://www.wikidata.org/entity/Q170518
/m/04229,Jet engine,https://www.wikidata.org/entity/Q178777
/m/042297,Chevrolet sprint,
/m/04229l,Geo metro,
/m/0422m1,Bread and butter pudding,https://www.wikidata.org/entity/Q4959183
/m/0423gr,Deep fryer,https://www.wikidata.org/entity/Q153059
/m/0423lt,Seat altea,
/m/0424tt,Farofa,https://www.wikidata.org/entity/Q1397036
/m/0424v6,Seat 600,
/m/0425h3,Mazda titan,
/m/0425l8,Red velvet cake,https://www.wikidata.org/entity/Q1284887
/m/0425lm,Mazda3,
/m/042664,Common persimmon,https://www.wikidata.org/entity/Q158356
/m/042bzc,Talbot samba,
/m/042c75,Rover 400 / 45,
/m/042c8x,Rover 600 series,
/m/042cgf,Rover cityrover,
/m/042ck,Japanese cuisine,
/m/042fmw,Shinto shrine,https://www.wikidata.org/entity/Q845945
/m/042g2h,Old-growth forest,https://www.wikidata.org/entity/Q208478
/m/042g2v,Honda legend,
/m/042k1q,Rover sd1,
/m/042l_r,Pilotfish,https://www.wikidata.org/entity/Q55737614
/m/042lv8,Welsh onion,https://www.wikidata.org/entity/Q27938
/m/042n_j,Mercury lynx,
/m/042p46,Ilex vomitoria,https://www.wikidata.org/entity/Q1010694
/m/042pcv,Triumph toledo,
/m/042pdj,Triumph 1300,
/m/042rdg,Penuche,https://www.wikidata.org/entity/Q7165342
/m/042rdt,Maruti esteem,
/m/042rg5,Tata safari,
/m/042rtz,Mazda savanna,
/m/042rz,Jetsprint,https://www.wikidata.org/entity/Q6189172
/m/042spm,Whitebait,https://www.wikidata.org/entity/Q7995732
/m/042t48,Land rover 101 forward control,
/m/042v_gx,Acoustic guitar,https://www.wikidata.org/entity/Q31561
/m/042w40,Zhaleika,https://www.wikidata.org/entity/Q1437981
/m/042wcm,Quenelle,https://www.wikidata.org/entity/Q12958
/m/042x3v,Potter's wheel,https://www.wikidata.org/entity/Q1128390
/m/042xnr,Saveloy,https://www.wikidata.org/entity/Q10752808
/m/042yb1,Holacanthus,https://www.wikidata.org/entity/Q1342093
/m/0430rm,Volvo ycc,
/m/0431y2,Aero boero ab-95,https://www.wikidata.org/entity/Q381272
/m/0432dw,Navratri,https://www.wikidata.org/entity/Q10269
/m/0432rz,Anklet,https://www.wikidata.org/entity/Q1478508
/m/043384,Hacksaw,https://www.wikidata.org/entity/Q1195804
/m/043520,Scrap,https://www.wikidata.org/entity/Q917714
/m/0435p8,Flaming doctor pepper,https://www.wikidata.org/entity/Q5457223
/m/0436xv,Cranachan,https://www.wikidata.org/entity/Q2628185
/m/04371y,Kangal dog,https://www.wikidata.org/entity/Q38508
/m/04373q,Sphecidae,
/m/04377b,Bresaola,https://www.wikidata.org/entity/Q910095
/m/0437y,Javelin throw,https://www.wikidata.org/entity/Q178108
/m/0438n2,Jheri curl,https://www.wikidata.org/entity/Q3080415
/m/04392_,Pontederia,https://www.wikidata.org/entity/Q2407184
/m/0439qp,Rusk,https://www.wikidata.org/entity/Q5477096
/m/043b0s,Persian lime,https://www.wikidata.org/entity/Q1520920
/m/043fg0,Ford tempo,
/m/043fnn,Eriobotrya,https://www.wikidata.org/entity/Q1550170
/m/043g5f,Fuel tank,https://www.wikidata.org/entity/Q1411232
/m/043jgq,Mille-feuille,https://www.wikidata.org/entity/Q12491
/m/043js4_,Kiribath,https://www.wikidata.org/entity/Q3358516
/m/043k535,Toyota starlet glanza,
/m/043k931,Suit actor,https://www.wikidata.org/entity/Q900793
/m/043kcbz,Jereed,https://www.wikidata.org/entity/Q362605
/m/043khyh,Phoebus Parnassian,https://www.wikidata.org/entity/Q370269
/m/043kkf8,Baseball uniform,https://www.wikidata.org/entity/Q3244029
/m/043kmjx,Ear pull,https://www.wikidata.org/entity/Q5325640
/m/043kqcj,Cytinus,
/m/043kslj,Nissan cedric y31,
/m/043lfs6,Ukrainian levkoy,https://www.wikidata.org/entity/Q2642315
/m/043lk88,European michaelmas daisy,https://www.wikidata.org/entity/Q819178
/m/043lkbp,Aster tongolensis,https://www.wikidata.org/entity/Q4810646
/m/043mfh5,Gachas,https://www.wikidata.org/entity/Q950976
/m/043mqr2,Ford 999,
/m/043mx9l,Peugeot type 3,
/m/043n0wp,Jingisukan,https://www.wikidata.org/entity/Q1151092
/m/043n3y_,Raspberry vinegar,https://www.wikidata.org/entity/Q16909917
/m/043ndq,Tomato paste,https://www.wikidata.org/entity/Q1499073
/m/043nklx,Oil pump,https://www.wikidata.org/entity/Q7081441
/m/043nmvd,Biscuit roll,https://www.wikidata.org/entity/Q4102828
/m/043nr9z,Mate cocido,https://www.wikidata.org/entity/Q3622432
/m/043nrcb,Wild peony,https://www.wikidata.org/entity/Q161482
/m/043nrpn,Earthstar,https://www.wikidata.org/entity/Q2370701
/m/043nyj,Common fig,https://www.wikidata.org/entity/Q36146
/m/043p1mn,Underground lake,https://www.wikidata.org/entity/Q1048337
/m/043p44,Tsuchinoko,https://www.wikidata.org/entity/Q1072924
/m/043p8g9,Dock jumping,https://www.wikidata.org/entity/Q5287204
/m/043q7_3,Ramazzotti,https://www.wikidata.org/entity/Q443810
/m/043qx8p,Ghugni,https://www.wikidata.org/entity/Q5557525
/m/043qy_b,Pionono,https://www.wikidata.org/entity/Q7196890
/m/043r0_s,Venturi atlantique,
/m/043r3zv,White stonecrop,https://www.wikidata.org/entity/Q253636
/m/043r4p5,Pacific Gopher Snake,https://www.wikidata.org/entity/Q7122781
/m/043rf9,New england aster,https://www.wikidata.org/entity/Q1894641
/m/043rrh1,Jaguar 420,
/m/043rs51,Garden loosestrife,https://www.wikidata.org/entity/Q147843
/m/043rvww,Geographical feature,https://www.wikidata.org/entity/Q618123
/m/043rxy0,Relocation,https://www.wikidata.org/entity/Q27869711
/m/043s21r,Mishloach manot,https://www.wikidata.org/entity/Q2236669
/m/043s44s,Sharptail Snake,https://www.wikidata.org/entity/Q2060563
/m/043s9fk,Geography cone,https://www.wikidata.org/entity/Q1780734
/m/043sfr1,Hairfinned silverfish,https://www.wikidata.org/entity/Q889541
/m/043tvhw,Perfumer,https://www.wikidata.org/entity/Q579021
/m/043tvj,Suzuki alto,
/m/043tx8h,Paddlewheel,https://www.wikidata.org/entity/Q1874394
/m/043ty0w,Tostones,https://www.wikidata.org/entity/Q2412544
/m/043tzlr,Caravan,https://www.wikidata.org/entity/Q591057
/m/043vnw,Slender blind snake,
/m/043whf,Gmc typhoon,
/m/043wj3,Gmc syclone,
/m/043y0g,Deep-fried mars bar,https://www.wikidata.org/entity/Q181761
/m/043zsw,Curious,https://www.wikidata.org/entity/Q366791
/m/0440zs,Cocktail shaker,https://www.wikidata.org/entity/Q1105339
/m/0441k,Jackal,https://www.wikidata.org/entity/Q125525
/m/04442z,Isuzu axiom,
/m/0445xnb,Mini clubman,
/m/0445yr,Sun drop,https://www.wikidata.org/entity/Q7638279
/m/0446b_4,Kidney beans,
/m/0446b_g,Navy beans,https://www.wikidata.org/entity/Q17141829
/m/0446bxx,Alfalfa sprouts,https://www.wikidata.org/entity/Q156106
/m/0446by4,Bean sprouts,
/m/0446byb,Beet greens,https://www.wikidata.org/entity/Q165437
/m/0446c0l,Iceburg lettuce,https://www.wikidata.org/entity/Q83193
/m/0446c0s,Red leaf lettuce,https://www.wikidata.org/entity/Q7305343
/m/0447sh,Bialy,https://www.wikidata.org/entity/Q4388689
/m/044987,Maha shivaratri,https://www.wikidata.org/entity/Q848070
/m/0449p,Jaguar (Animal),https://www.wikidata.org/entity/Q35694
/m/0449s4,Krishna janmashtami,https://www.wikidata.org/entity/Q430574
/m/044_87,Output device,https://www.wikidata.org/entity/Q778637
/m/044_b2,Taramasalata,https://www.wikidata.org/entity/Q1246721
/m/044b1l,Elephant garlic,https://www.wikidata.org/entity/Q4392799
/m/044b96,Nissan sentra,
/m/044bs7,Lava dome,https://www.wikidata.org/entity/Q534282
/m/044d99,Italian beef,https://www.wikidata.org/entity/Q3472079
/m/044dll,Knish,https://www.wikidata.org/entity/Q2446322
/m/044dt_,Challah,https://www.wikidata.org/entity/Q790433
/m/044dzb,Tetragonia,https://www.wikidata.org/entity/Q133932
/m/044fq,Joystick,https://www.wikidata.org/entity/Q178805
/m/044g2w,Cycle ball,https://www.wikidata.org/entity/Q8099087
/m/044gvx,Beer bottle,https://www.wikidata.org/entity/Q23668
/m/044hqj,Hot plate,https://www.wikidata.org/entity/Q509869
/m/044j00,Air freshener,https://www.wikidata.org/entity/Q2419566
/m/044jlv,Opel rekord,
/m/044jp1,Mustard (Plant),https://www.wikidata.org/entity/Q15835924
/m/044k5d,Unicum,https://www.wikidata.org/entity/Q765604
/m/044l90,Marching percussion,https://www.wikidata.org/entity/Q3980611
/m/044lwh,Irish water spaniel,https://www.wikidata.org/entity/Q38162
/m/044p4l,Baptistery,https://www.wikidata.org/entity/Q210077
/m/044r5d,Golf ball,https://www.wikidata.org/entity/Q919777
/m/044rym,Waxworm,https://www.wikidata.org/entity/Q7975733
/m/044s57,Xanthorrhoeaceae,
/m/044wnf,Ham hock,https://www.wikidata.org/entity/Q153976
/m/044y5x,Chevrolet beretta,
/m/044ztw,Thavil,https://www.wikidata.org/entity/Q1355394
/m/045018,Devilled kidneys,https://www.wikidata.org/entity/Q5267373
/m/0450_0,Ilex verticillataAmerican Winterberry,https://www.wikidata.org/entity/Q3487324
/m/0452kk,Chewing tobacco,https://www.wikidata.org/entity/Q1345873
/m/0452t7,Citroën c6,
/m/04535f,Hamburger helper,https://www.wikidata.org/entity/Q5644337
/m/04574_,Fritter,https://www.wikidata.org/entity/Q690292
/m/0457gc6,Material property,
/m/0457kk,Holden nova,
/m/0458f9,Pickled pigs feet,https://www.wikidata.org/entity/Q5814921
/m/0458g0,Rolls-royce silver cloud,
/m/0459cm,Chevrolet trailblazer,
/m/0459p2,Chevrolet tracker,
/m/0459pf,Geo prizm,
/m/0459ps,Geo storm,
/m/0459r6,Chevrolet chevy ii / nova,
/m/0459vc,Cretoxyrhina,https://www.wikidata.org/entity/Q620515
/m/045_n7,Bell x-22,https://www.wikidata.org/entity/Q815746
/m/045_wd,Ford territory,
/m/045ckd,Garba,https://www.wikidata.org/entity/Q1493923
/m/045ct5,Milanesa,https://www.wikidata.org/entity/Q30326666
/m/045d4r,Nilgiri tea,https://www.wikidata.org/entity/Q731801
/m/045dkn,Bread machine,https://www.wikidata.org/entity/Q990772
/m/045dxv,Onion ring,https://www.wikidata.org/entity/Q244611
/m/045fbf,Schmaltz,https://www.wikidata.org/entity/Q2920655
/m/045g3j,Tzimmes,https://www.wikidata.org/entity/Q203886
/m/045g9j,Sileighty,
/m/045j61,Parlour maple,https://www.wikidata.org/entity/Q4670708
/m/045jsc,Minibus,https://www.wikidata.org/entity/Q946479
/m/045kc6,Toaster oven,
/m/045l6d,Oldsmobile hurst/olds,
/m/045lcs,Chien français blanc et noir,
/m/045m16,Mill,https://www.wikidata.org/entity/Q4761205
/m/045nmg,Nissan prairie,
/m/045p8f9,Suzuki reno,
/m/045pmb,Yenko camaro,
/m/045q_4,Ferrari f355,
/m/045qt3,Dahi vada,https://www.wikidata.org/entity/Q3348124
/m/045rjd,Frill-necked lizard,https://www.wikidata.org/entity/Q501566
/m/045rjzg,Maserati 228,
/m/045s2g,High five,https://www.wikidata.org/entity/Q24488
/m/045sm4,Deep-submergence vehicle,https://www.wikidata.org/entity/Q2432003
/m/045sr1,Mazda navajo,
/m/045t93,Blue-tongued skink,
/m/045tty,Japanese chin,https://www.wikidata.org/entity/Q38146
/m/045v5x,Calochortus,https://www.wikidata.org/entity/Q1288804
/m/045wmml,Maserati spyder,
/m/045yy4,Vauxhall carlton,
/m/0461ch,Orangery,https://www.wikidata.org/entity/Q952885
/m/0462dy3,Sikorsky s-52,https://www.wikidata.org/entity/Q1439747
/m/0462k2c,Packard panther,
/m/0462w2b,Maniçoba,https://www.wikidata.org/entity/Q6750304
/m/0462w3c,Guk,https://www.wikidata.org/entity/Q909643
/m/0462z4,Holden kingswood,
/m/0462zh,Street football,https://www.wikidata.org/entity/Q1092816
/m/04630sc,Kite skating,https://www.wikidata.org/entity/Q6418146
/m/04638wp,Jatjuk,https://www.wikidata.org/entity/Q4215727
/m/0463_qk,Beyaz peynir,https://www.wikidata.org/entity/Q1897605
/m/0463cq4,Crying,
/m/0463lgf,Peugeot quadrilette,
/m/0463nlw,West Indian raspberry,
/m/0463p_g,Lekach,https://www.wikidata.org/entity/Q2910489
/m/0463sg,Fashion accessory,https://www.wikidata.org/entity/Q1065579
/m/0463tkw,Prairie senna,https://www.wikidata.org/entity/Q5069341
/m/0463z5r,Hiyashi chūka,https://www.wikidata.org/entity/Q716820
/m/0463zks,Gavvalu,https://www.wikidata.org/entity/Q5528400
/m/04648r9,Copper tape,https://www.wikidata.org/entity/Q5168804
/m/0464bv,Volcanic arc,https://www.wikidata.org/entity/Q13426043
/m/0464dzv,Browallia speciosa,https://www.wikidata.org/entity/Q149763
/m/0464j78,Ferrari california,
/m/0464r0r,Hwachae,https://www.wikidata.org/entity/Q715074
/m/0464z4,Pack animal,https://www.wikidata.org/entity/Q622377
/m/04651v3,Baesuk,https://www.wikidata.org/entity/Q703490
/m/04652g,Oldsmobile cutlass ciera,
/m/04652t,Oldsmobile cutlass calais,
/m/04653xg,Tvr typhon,
/m/0465f95,Fleischschnacka,https://www.wikidata.org/entity/Q3073525
/m/0465fs_,Chenpi,https://www.wikidata.org/entity/Q73988
/m/0465khx,Peychaud's bitters,https://www.wikidata.org/entity/Q2081822
/m/0465mr4,Frozen dessert,https://www.wikidata.org/entity/Q866153
/m/04663p5,Peugeot type 105,
/m/0466k7_,Fender g-dec,https://www.wikidata.org/entity/Q5443238
/m/0466kx,Off-road racing,https://www.wikidata.org/entity/Q3418220
/m/0466lfh,Corgi-chihuahua,
/m/0466px8,Hunting knife,https://www.wikidata.org/entity/Q338399
/m/0466qg8,Toyota corolla e90,
/m/0466qgn,Toyota corolla e100,
/m/0466qh0,Toyota corolla e140,
/m/0466qhd,Toyota corolla e120,
/m/0466qhs,Toyota corolla e110,
/m/0466rf8,Gosht,https://www.wikidata.org/entity/Q76928331
/m/0466s58,Wireless router,https://www.wikidata.org/entity/Q3407440
/m/0466sfx,Ford focus rs,
/m/0467y7,Passenger car,https://www.wikidata.org/entity/Q753779
/m/0468bb1,Dogfish head 90 minute ipa,
/m/046_0n,Ford model n,
/m/046_ng,Ford model tt,
/m/046_rf,Estfield,
/m/046b30,Salisbury steak,https://www.wikidata.org/entity/Q200527
/m/046cyh,Mazda roadpacer ap,
/m/046d6kv,Bunnahabhain 12 year old,
/m/046d80l,Mini,https://www.wikidata.org/entity/Q36024
/m/046d8_l,Radio-controlled toy,
/m/046dlr,Alarm clock,https://www.wikidata.org/entity/Q212758
/m/046dt1,Sill,https://www.wikidata.org/entity/Q405634
/m/046dzc,Dulcian,https://www.wikidata.org/entity/Q911038
/m/046fv7,Jeep grand cherokee,
/m/046g7s,Arba'een,https://www.wikidata.org/entity/Q310740
/m/046glt,Electrical wiring,https://www.wikidata.org/entity/Q192043
/m/046gsrg,Booker's,https://www.wikidata.org/entity/Q4943172
/m/046hkv,Convoy rescue ship,https://www.wikidata.org/entity/Q5166675
/m/046hzh,Chivas regal,https://www.wikidata.org/entity/Q1069502
/m/046j38,Streetball,https://www.wikidata.org/entity/Q691875
/m/046j6d,Intrusion,https://www.wikidata.org/entity/Q354025
/m/046jml,Cortado,https://www.wikidata.org/entity/Q59072
/m/046l_2,River gunboat,https://www.wikidata.org/entity/Q98151017
/m/046njy,Subaru leone,
/m/046pg5,Antlions,https://www.wikidata.org/entity/Q231439
/m/046qw0,Ford pilot,
/m/046qxzf,Speyburn 10 year old,
/m/046r8t,Ford squire,
/m/046rsf,Poffertjes,https://www.wikidata.org/entity/Q283740
/m/046ry,Java coffee,https://www.wikidata.org/entity/Q5140960
/m/046tgk,Shower curtain,
/m/046yyx,Peugeot 607,
/m/046zc_,Ford 7y,
/m/046zxb,Ford model f,
/m/0470gy,Greengage,https://www.wikidata.org/entity/Q1283218
/m/04747g,Miller lite,https://www.wikidata.org/entity/Q6859181
/m/0475mb,Agricultural machinery,https://www.wikidata.org/entity/Q16000047
/m/0476dz,Solomon's seal,https://www.wikidata.org/entity/Q10889614
/m/047735,Weather ship,https://www.wikidata.org/entity/Q1969469
/m/0477n,Jell-o,https://www.wikidata.org/entity/Q1686705
/m/0477z0,Cadillac calais,
/m/0478zf2,Packard mayfair,
/m/047951,National university,https://www.wikidata.org/entity/Q265662
/m/047953l,Schweizer sgs 2-32,https://www.wikidata.org/entity/Q582961
/m/0479b6j,New zealand spinach,https://www.wikidata.org/entity/Q278283
/m/0479sy,Buffaloberries,
/m/047_15,Triumph gt6,
/m/047_c_,Rocking chair,https://www.wikidata.org/entity/Q14963
/m/047b1hs,Kauffman vodka,https://www.wikidata.org/entity/Q6378675
/m/047b87_,Small greek domestic dog,https://www.wikidata.org/entity/Q39182
/m/047b9vj,Gps navigation device,https://www.wikidata.org/entity/Q1486497
/m/047bl,Koto,https://www.wikidata.org/entity/Q355828
/m/047bp8z,Techart 997 carrera,https://www.wikidata.org/entity/Q7692112
/m/047bq7,Grey alder,https://www.wikidata.org/entity/Q157641
/m/047bst,American walnut,https://www.wikidata.org/entity/Q852572
/m/047c067,Techart 997 turbo,
/m/047c0hj,Galbijjim,https://www.wikidata.org/entity/Q5371702
/m/047c4vd,Agujjim,https://www.wikidata.org/entity/Q626125
/m/047cmpg,Oldsmobile jetstar 1,
/m/047ctp,Alligator snapping turtle,https://www.wikidata.org/entity/Q457872
/m/047d0sh,Instant-boiled mutton,https://www.wikidata.org/entity/Q6038708
/m/047dblp,Cincalok,https://www.wikidata.org/entity/Q5120184
/m/047dzxq,Common Kingsnake,https://www.wikidata.org/entity/Q747093
/m/047f1r3,Crosswort,https://www.wikidata.org/entity/Q6710201
/m/047f4s1,Dal baati,https://www.wikidata.org/entity/Q2723206
/m/047f7lt,Coconut candy,https://www.wikidata.org/entity/Q426601
/m/047f97d,Citroën c-sportlounge,
/m/047f_k9,Mercedes-benz 500k,
/m/047fg94,Feral goat,https://www.wikidata.org/entity/Q5443748
/m/047fr,Knitting,https://www.wikidata.org/entity/Q6033694
/m/047fw5r,Singapore-style noodles,https://www.wikidata.org/entity/Q3270149
/m/047fyt8,Bianzhong of Marquis Yi of Zeng,https://www.wikidata.org/entity/Q4902549
/m/047g7xd,Power trowel,https://www.wikidata.org/entity/Q7236656
/m/047g84,Guard dog,https://www.wikidata.org/entity/Q38826
/m/047gchx,Crabapple,
/m/047gn89,Throwing knife,https://www.wikidata.org/entity/Q12256299
/m/047gncp,Toyota corolla E30,
/m/047gnd1,Toyota corolla e70,
/m/047gndf,Toyota corolla e10,
/m/047gnf5,Toyota corolla e80,
/m/047gnst,Roewe 750,
/m/047gp_j,Toyota crown comfort,
/m/047gq2x,Brilliance bs6,
/m/047ht1,Pickaxe,https://www.wikidata.org/entity/Q232254
/m/047j0r,Filing cabinet,https://www.wikidata.org/entity/Q1629107
/m/047j51,Verbena,https://www.wikidata.org/entity/Q165290
/m/047jt7,Triumph 2000,
/m/047kbm,Salt-cured meat,https://www.wikidata.org/entity/Q282910
/m/047kmy,Dental technician,https://www.wikidata.org/entity/Q144075
/m/047lf6,Oleaster,https://www.wikidata.org/entity/Q159188
/m/047lggt,Boeing 737 next generation,https://www.wikidata.org/entity/Q1084919
/m/047ln1,Buick reatta,
/m/047lngt,Scacciata,https://www.wikidata.org/entity/Q690165
/m/047lq67,Lagonda rapier,
/m/047m15j,Daihatsu naked,
/m/047mchz,Tatra 75,
/m/047md3,Oldsmobile omega,
/m/047mdg,Pontiac phoenix,
/m/047mgty,Ford fg falcon,
/m/047mhnd,Humber pullman,
/m/047mn93,Tatra 57,
/m/047mntv,Pagliata,https://www.wikidata.org/entity/Q7124372
/m/047mr6,Prosecco,https://www.wikidata.org/entity/Q1069954
/m/047n2t,Buick estate,
/m/047n4k,Oldsmobile custom cruiser,
/m/047n4x,Buick roadmaster,
/m/047n541,Cani cross,https://www.wikidata.org/entity/Q958677
/m/047n6p,Cadillac brougham,
/m/047nbwv,Toyota carina ed,
/m/047nk43,Lada priora,
/m/047np3m,Puya alpestris,
/m/047nr3w,Sliding door (Automobile),https://www.wikidata.org/entity/Q2234382
/m/047ntt_,Bánh lá,https://www.wikidata.org/entity/Q5004805
/m/047ny8f,Volkswagen golf cabriolet,
/m/047p240,Wirehaired vizsla,https://www.wikidata.org/entity/Q39608
/m/047p2z4,Bandini 750 sport siluro,
/m/047p39q,Freekeh,https://www.wikidata.org/entity/Q771079
/m/047p51s,Hillman 14,
/m/047p8qy,Steak frites,https://www.wikidata.org/entity/Q3497742
/m/047ptj,Mitsubishi lancer,
/m/047px2,Mitsubishi colt,
/m/047q1lg,Tvr tasmin,
/m/047q30j,Eco hotel,https://www.wikidata.org/entity/Q5333147
/m/047qbxr,Khichra,https://www.wikidata.org/entity/Q6401568
/m/047qgj7,Field thistle,https://www.wikidata.org/entity/Q5122056
/m/047qk83,Volkswagen golf variant,
/m/047qlks,Rice cereal,https://www.wikidata.org/entity/Q7323070
/m/047qy3x,Yellow lady's slipper,
/m/047r3mv,Casaurina glauca,https://www.wikidata.org/entity/Q20727144
/m/047r8ng,Honda freed,
/m/047r8z3,Austin 12/4,
/m/047rdc3,Boat trailer,https://www.wikidata.org/entity/Q893191
/m/047rk4d,Hygenhund,https://www.wikidata.org/entity/Q38016
/m/047rrj7,Tvr 390se,
/m/047rtk,Scroll,https://www.wikidata.org/entity/Q720106
/m/047rwq3,Centrepiece,https://www.wikidata.org/entity/Q2387515
/m/047rybc,Tatra 54,
/m/047s3qk,Tvr 420 seac,
/m/047s5lq,Alvis tf 21,
/m/047s86y,Taralli,https://www.wikidata.org/entity/Q1150150
/m/047ss52,Old tom gin,https://www.wikidata.org/entity/Q7085234
/m/047ssgc,Kuwaiti passport,https://www.wikidata.org/entity/Q317611
/m/047syx_,Xôi,https://www.wikidata.org/entity/Q3543273
/m/047t1t5,Boule lyonnaise,https://www.wikidata.org/entity/Q1367802
/m/047t2p7,Vodka cruiser,https://www.wikidata.org/entity/Q7939317
/m/047t75n,Austin 12/6,
/m/047t99,Sauerbraten,https://www.wikidata.org/entity/Q153352
/m/047tfbr,Napoleon iii style,https://www.wikidata.org/entity/Q174419
/m/047tt_4,Mal-shi,
/m/047ty6m,Toyota corona exiv,
/m/047tz_,Land cress,https://www.wikidata.org/entity/Q164056
/m/047v00,Blitum bonus-henricus,
/m/047v0f,Stachys affinis,https://www.wikidata.org/entity/Q1758702
/m/047v0x2,Ford gt70,
/m/047v4b,Artichoke,https://www.wikidata.org/entity/Q23041430
/m/047vl80,Whipped cream,https://www.wikidata.org/entity/Q625957
/m/047vlmn,Outerwear,
/m/047vlsj,Peugeot 401,
/m/047vlsx,Peugeot 4002,
/m/047vmbx,Mittens,
/m/047vmg8,Rim,https://www.wikidata.org/entity/Q1588952
/m/047vnzn,Pastizz,https://www.wikidata.org/entity/Q3368487
/m/047vph4,Divemaster,https://www.wikidata.org/entity/Q1133954
/m/047x57,Construction worker,https://www.wikidata.org/entity/Q811122
/m/047y65,Lotus exige,
/m/0486tv,Freestyle wrestling,https://www.wikidata.org/entity/Q327223
/m/0488wh,Literary fiction,https://www.wikidata.org/entity/Q6647667
/m/048b5w,Spumoni,https://www.wikidata.org/entity/Q1052815
/m/048bjj,Spiedie,https://www.wikidata.org/entity/Q7577098
/m/048blr,Mazda xedos 6,
/m/048dyx,Motorcycle boot,https://www.wikidata.org/entity/Q6918258
/m/048dz,Karate,https://www.wikidata.org/entity/Q11419
/m/048fg,Kickboxing,https://www.wikidata.org/entity/Q178678
/m/048gs7,Vegetable juice,https://www.wikidata.org/entity/Q1501257
/m/048h8p,Cornhole,https://www.wikidata.org/entity/Q1134144
/m/048knlz,Love,https://www.wikidata.org/entity/Q316
/m/048lks,Candy apple,https://www.wikidata.org/entity/Q1358074
/m/048lz1,Cufflink,https://www.wikidata.org/entity/Q617567
/m/048mgd,Honda ridgeline,
/m/048nfp,Polar ice cap,https://www.wikidata.org/entity/Q1286914
/m/048pn4,Turtle ship,https://www.wikidata.org/entity/Q695959
/m/048v8j,Plate lunch,https://www.wikidata.org/entity/Q3496403
/m/048vr,Korean food,https://www.wikidata.org/entity/Q647500
/m/048wpb,Galbi,https://www.wikidata.org/entity/Q682384
/m/048wsd,Gimbap,https://www.wikidata.org/entity/Q495360
/m/048yh,Krav maga,https://www.wikidata.org/entity/Q184733
/m/048ypz,Tree frog (Frog Family),https://www.wikidata.org/entity/Q1144302
/m/048ytx,Russian pyramid,https://www.wikidata.org/entity/Q506941
/m/0490jd,Art exhibition,https://www.wikidata.org/entity/Q667276
/m/0490lp,Czernina,https://www.wikidata.org/entity/Q899976
/m/04929g,Wrangler,https://www.wikidata.org/entity/Q413480
/m/0492f,Kora,https://www.wikidata.org/entity/Q293799
/m/0492nq,Cat food,https://www.wikidata.org/entity/Q1736906
/m/04943c,Pradal serey,https://www.wikidata.org/entity/Q967197
/m/04945,Korfball,https://www.wikidata.org/entity/Q192937
/m/04969,Kick,https://www.wikidata.org/entity/Q206864
/m/0496y8,Heteromeles,https://www.wikidata.org/entity/Q21546397
/m/0497z6,Stoolball,https://www.wikidata.org/entity/Q734568
/m/04983s,Toilet roll holder,https://www.wikidata.org/entity/Q2916012
/m/049_3v,Yard,https://www.wikidata.org/entity/Q482798
/m/049_fc,Love in the mist,https://www.wikidata.org/entity/Q158338
/m/049_wy,Peaked cap,https://www.wikidata.org/entity/Q2236437
/m/049bbv,Datsun sports,
/m/049btd,Technician,https://www.wikidata.org/entity/Q5352191
/m/049d8b,Computer case,https://www.wikidata.org/entity/Q3975
/m/049dgp,Pipe cleaner,https://www.wikidata.org/entity/Q3355092
/m/049dpf,Ojos azules,https://www.wikidata.org/entity/Q42640
/m/049f4m,Lefse,https://www.wikidata.org/entity/Q888720
/m/049h0m,Fishing net,https://www.wikidata.org/entity/Q271598
/m/049hrv,Clyde puffer,https://www.wikidata.org/entity/Q1103697
/m/049jr6,American pit bull terrier,https://www.wikidata.org/entity/Q37612
/m/049kc,Kimono,https://www.wikidata.org/entity/Q483444
/m/049lwx,Barefoot,https://www.wikidata.org/entity/Q808132
/m/049lyh,Isuzu piazza,
/m/049m33,Isuzu gemini,
/m/049m95,Lecythidaceae,https://www.wikidata.org/entity/Q161929
/m/049mfx,Full-rigged ship,https://www.wikidata.org/entity/Q1581130
/m/049n8w,Triumph 1500,
/m/049nzn,Pzl p.24,https://www.wikidata.org/entity/Q1050716
/m/049p4v,Dacia logan,
/m/049pcz,Masking tape,https://www.wikidata.org/entity/Q3775755
/m/049pk5,Dukw,https://www.wikidata.org/entity/Q715165
/m/049pn0,Buick gran sport,
/m/049psw,Buick park avenue,
/m/049qbg,Spring roll,https://www.wikidata.org/entity/Q715525
/m/049rd,Knight,https://www.wikidata.org/entity/Q102083
/m/049rlt,Buick lesabre,
/m/049sv,Kung fu,https://www.wikidata.org/entity/Q3705105
/m/049txw,Buddha's delight,https://www.wikidata.org/entity/Q2402333
/m/049vf_,Point-and-shoot camera,https://www.wikidata.org/entity/Q209935
/m/049wwj,Highball glass,https://www.wikidata.org/entity/Q4131010
/m/049zwb,Pisco sour,https://www.wikidata.org/entity/Q673012
/m/04_03g5,Silvery Checkerspot,https://www.wikidata.org/entity/Q3012869
/m/04_0_nb,Toyota opa,
/m/04_0g9,Print server,https://www.wikidata.org/entity/Q1162303
/m/04_0jfp,Maybach zeppelin,
/m/04_10ss,Bronze (Color),https://www.wikidata.org/entity/Q34095
/m/04_11rc,Roewe 550,
/m/04_132p,Poulet au fromage,https://www.wikidata.org/entity/Q7235559
/m/04_14p8,Audi r15 tdi,
/m/04_16xk,Buick blackhawk,
/m/04_1j33,Cranberry juice,https://www.wikidata.org/entity/Q865448
/m/04_1jmn,Surf kayaking,https://www.wikidata.org/entity/Q7645887
/m/04_1pjj,Pininfarina b0,
/m/04_2qtd,Mountaineer,
/m/04_5hy,Stage,https://www.wikidata.org/entity/Q360797
/m/04_5sg,Hill,https://www.wikidata.org/entity/Q54050
/m/04_80t,Sockeye salmon,https://www.wikidata.org/entity/Q44064
/m/04_9g,Labour day,https://www.wikidata.org/entity/Q10901070
/m/04_9s6,Bentley continental flying spur,
/m/04__ll,Buttery,https://www.wikidata.org/entity/Q5003046
/m/04_bbx,Pain au chocolat,https://www.wikidata.org/entity/Q1190838
/m/04_bsf,Wheelie,https://www.wikidata.org/entity/Q2620156
/m/04_by9h,Garlic scape,https://www.wikidata.org/entity/Q23400
/m/04_fs,Muscle,
/m/04_gk1,Studebaker wagonaire,
/m/04_glw,Wicker,https://www.wikidata.org/entity/Q1081013
/m/04_gwh,Ice Cream Sodas,https://www.wikidata.org/entity/Q387405
/m/04_j7j,Chery a15,
/m/04_j_q,Scarlet beebalm,https://www.wikidata.org/entity/Q164010
/m/04_k2c,Fiat seicento,
/m/04_mq_,Scrub Jay,https://www.wikidata.org/entity/Q848772
/m/04_mqc9,Trumpeter,
/m/04_n7p,Yacón,https://www.wikidata.org/entity/Q1075177
/m/04_n9y,Lepidium meyenii,https://www.wikidata.org/entity/Q795158
/m/04_pb7,Toyota sera,
/m/04_pd3,Chayote,https://www.wikidata.org/entity/Q38646266
/m/04_pq5,Fiat 125,
/m/04_pr9,Fiat 130,
/m/04_ptv,Fiat 600,
/m/04_pwp,Fiat 1100,
/m/04_pyh,Fiat albea,
/m/04_q1v,Autobianchi bianchina,
/m/04_q213,Lime juice,https://www.wikidata.org/entity/Q13195
/m/04_q2x,Fiat doblò,
/m/04_q6x,Fiat ducato,
/m/04_q7p,Fiat idea,
/m/04_q84,Fiat marea,
/m/04_q8l,Fiat regata,
/m/04_r5c,African elephant,https://www.wikidata.org/entity/Q185038
/m/04_sl2,Topshur,https://www.wikidata.org/entity/Q4460933
/m/04_sv,Motorcycle,https://www.wikidata.org/entity/Q34493
/m/04_tb,Map,https://www.wikidata.org/entity/Q4006
/m/04_tv,Management,https://www.wikidata.org/entity/Q2920921
/m/04_vc4,Lancia fulvia,
/m/04_vv,Maple syrup,https://www.wikidata.org/entity/Q402563
/m/04_x4,Money,https://www.wikidata.org/entity/Q1368
/m/04_xh6,Nissan figaro,
/m/04_xn,Mosque,https://www.wikidata.org/entity/Q32815
/m/04_xpq,Secondary modern school,https://www.wikidata.org/entity/Q7443856
/m/04_y8b,Drambuie,https://www.wikidata.org/entity/Q1146721
/m/04_zn1,Studebaker lark,
/m/04b0s,Kabaddi,https://www.wikidata.org/entity/Q148636
/m/04b34m,Devil's claw,https://www.wikidata.org/entity/Q5267246
/m/04b75v,Neck brace,https://www.wikidata.org/entity/Q1056508
/m/04b7gf,Extension cord,https://www.wikidata.org/entity/Q1894990
/m/04b7wk,Tooth bleaching,https://www.wikidata.org/entity/Q143458
/m/04b8m_,Cunoniaceae,https://www.wikidata.org/entity/Q131764
/m/04b966,Ice cap,https://www.wikidata.org/entity/Q878077
/m/04b96_,Door knocker,https://www.wikidata.org/entity/Q12180
/m/04bcff,Goji,https://www.wikidata.org/entity/Q2617260
/m/04bcr3,Table,https://www.wikidata.org/entity/Q14749
/m/04bct1,Chest (Furniture),https://www.wikidata.org/entity/Q9645
/m/04bd85,Volvo v70,
/m/04bd8l,Volvo s70,
/m/04bds9,Davul,https://www.wikidata.org/entity/Q1178361
/m/04bf81,Rissole,https://www.wikidata.org/entity/Q2991822
/m/04bg3r,Waterbuck,https://www.wikidata.org/entity/Q623434
/m/04bh7b,Stollen,https://www.wikidata.org/entity/Q57223
/m/04bhvm,German chocolate cake,https://www.wikidata.org/entity/Q721181
/m/04bk6,Kohlrabi,https://www.wikidata.org/entity/Q147202
/m/04bkg6,E-book readers,https://www.wikidata.org/entity/Q5155871
/m/04bksl,Portafilter,
/m/04blfc,Echeveria,https://www.wikidata.org/entity/Q837077
/m/04blr,Knot,https://www.wikidata.org/entity/Q527395
/m/04bmfj,Reel,https://www.wikidata.org/entity/Q1420806
/m/04bmk,Killer whale,https://www.wikidata.org/entity/Q26843
/m/04bmvy,Polygalaceae,https://www.wikidata.org/entity/Q156909
/m/04bnrq,Peugeot 404,
/m/04brg2,Tableware,https://www.wikidata.org/entity/Q851782
/m/04brsc,Melt sandwich,https://www.wikidata.org/entity/Q6813732
/m/04bsrn,Tsampa,https://www.wikidata.org/entity/Q1144889
/m/04bstj,Popiah,https://www.wikidata.org/entity/Q3092677
/m/04bt6,Giant protea,https://www.wikidata.org/entity/Q1930962
/m/04bv1,Kumquat,https://www.wikidata.org/entity/Q5122903
/m/04bv19,Kvm switch,https://www.wikidata.org/entity/Q828426
/m/04bv5_,Haleem,https://www.wikidata.org/entity/Q3350588
/m/04bvwh,Doorstop,https://www.wikidata.org/entity/Q387524
/m/04bvzm,Ballroom,https://www.wikidata.org/entity/Q805353
/m/04bwd,Kaleidoscope,https://www.wikidata.org/entity/Q180049
/m/04bx2_,Rambak petis,https://www.wikidata.org/entity/Q7289179
/m/04bxc,Mountain laurel,https://www.wikidata.org/entity/Q6925473
/m/04bzth,Artificial turf,https://www.wikidata.org/entity/Q311935
/m/04c04r,Ball-peen hammer,https://www.wikidata.org/entity/Q1535657
/m/04c0lt,Rolling,https://www.wikidata.org/entity/Q2643095
/m/04c0y,Kangaroo,https://www.wikidata.org/entity/Q5070208
/m/04c2cp,Dispatcher,https://www.wikidata.org/entity/Q570755
/m/04c2h8,Rake,https://www.wikidata.org/entity/Q416862
/m/04c2tr,Suzuki x-90,
/m/04c2xr,Daihatsu charade,
/m/04c322,Daihatsu rocky,
/m/04c38s,Common Daisy,https://www.wikidata.org/entity/Q26158
/m/04c3xq,Lazuli Bunting,https://www.wikidata.org/entity/Q786964
/m/04c41_,European shorthair,https://www.wikidata.org/entity/Q20793
/m/04c5p,Karaoke,https://www.wikidata.org/entity/Q229345
/m/04c68z,Proa,https://www.wikidata.org/entity/Q1535890
/m/04c92t,Hardhack,https://www.wikidata.org/entity/Q159771
/m/04c9r,Kendo,https://www.wikidata.org/entity/Q170931
/m/04c9vm,Capicola,https://www.wikidata.org/entity/Q384028
/m/04c_0y,Football tennis,https://www.wikidata.org/entity/Q855880
/m/04c_gg,Nissan laurel,
/m/04c_h6,Nissan teana,
/m/04c_l3,Nissan pulsar,
/m/04c_mj,Mitsubishi pajero mini,
/m/04cckt,Gerbera,https://www.wikidata.org/entity/Q746928
/m/04cdd0q,Pontiac g3,
/m/04ch_1,Jeep liberty,
/m/04cj8v,Jeep comanche,
/m/04cjrw,Jeep wagoneer,
/m/04cjy5,Jeep gladiator,
/m/04cjz6,Jeep honcho,
/m/04ckn,Kahlúa,https://www.wikidata.org/entity/Q1128163
/m/04cmwn,Goats,https://www.wikidata.org/entity/Q2934
/m/04cn_l,Automotive battery,https://www.wikidata.org/entity/Q902054
/m/04cnqy,Sea lettuce,https://www.wikidata.org/entity/Q1109330
/m/04cnwn,Tow truck,https://www.wikidata.org/entity/Q332050
/m/04cp_,Koala,https://www.wikidata.org/entity/Q36101
/m/04cqlf9,Janchi guksu,https://www.wikidata.org/entity/Q6150872
/m/04cqn6,Clapstick,https://www.wikidata.org/entity/Q1095097
/m/04cr4qc,Ssam,https://www.wikidata.org/entity/Q908311
/m/04crvdv,Threebanded sheephead,https://www.wikidata.org/entity/Q756961
/m/04crw6w,Porsche 911 classic,
/m/04cs9zc,Planter's punch,https://www.wikidata.org/entity/Q2098356
/m/04csgnm,Dacia 1325,
/m/04ct4,Kipper,https://www.wikidata.org/entity/Q6575260
/m/04ct4y,Triumph herald,
/m/04cttjf,Mp lafer,
/m/04ctx,Knife,https://www.wikidata.org/entity/Q32489
/m/04cv13l,Pinangat,https://www.wikidata.org/entity/Q7194826
/m/04cv2hz,Wall plate,https://www.wikidata.org/entity/Q7962670
/m/04cvf40,Gulaman,https://www.wikidata.org/entity/Q5617242
/m/04cvgx,Mop,https://www.wikidata.org/entity/Q828361
/m/04cvjcd,Rain and snow mixed,https://www.wikidata.org/entity/Q852799
/m/04cvmfc,Roar,https://www.wikidata.org/entity/Q416697
/m/04cvvd7,Kei truck,https://www.wikidata.org/entity/Q6383556
/m/04cw72z,Bossam,https://www.wikidata.org/entity/Q910996
/m/04cw7xd,Acronicta americana,https://www.wikidata.org/entity/Q2040387
/m/04cw9j_,Gocciole,
/m/04cwbyx,Euryops pectinatus,https://www.wikidata.org/entity/Q3642829
/m/04cwhv_,Bouvier des ardennes,https://www.wikidata.org/entity/Q37741
/m/04cwm2,Arbroath smokie,https://www.wikidata.org/entity/Q4784939
/m/04cx27,White footed mice,https://www.wikidata.org/entity/Q1232962
/m/04cx6sm,Swellfish,https://www.wikidata.org/entity/Q3753267
/m/04cx7kx,Wheelstand competition,https://www.wikidata.org/entity/Q7992369
/m/04cx7w5,Toyota cresta,
/m/04cxfh6,Alvis td 21,
/m/04cxk82,Montasio,https://www.wikidata.org/entity/Q534069
/m/04cxnvd,King shepherd,https://www.wikidata.org/entity/Q38280
/m/04cxt1z,Sandpaper fig,https://www.wikidata.org/entity/Q7416521
/m/04cxygx,Coral aloe,
/m/04cy0,Kiosk,https://www.wikidata.org/entity/Q693369
/m/04cy0z_,Evergreen rose,https://www.wikidata.org/entity/Q2703655
/m/04cy4vd,Dacia 1320,
/m/04cy9j2,Hafei ruiyi,
/m/04cydjb,Mucuchies,https://www.wikidata.org/entity/Q21078
/m/04cykm_,Potentiometer,https://www.wikidata.org/entity/Q187868
/m/04cylkl,Tesla model s,
/m/04cylv5,Oyaki,https://www.wikidata.org/entity/Q826886
/m/04cym9,Banana bread,https://www.wikidata.org/entity/Q806097
/m/04cyw33,Agricultural drainage system,https://www.wikidata.org/entity/Q5305558
/m/04cywf2,Nissan largo,
/m/04cyyh3,Galão,https://www.wikidata.org/entity/Q59040
/m/04cz4b,Suzuki aerio,
/m/04czc4w,Mizuna,https://www.wikidata.org/entity/Q50912348
/m/04czcym,Antipasto,https://www.wikidata.org/entity/Q622440
/m/04czfcc,Bologna sandwich,https://www.wikidata.org/entity/Q4939975
/m/04czfz3,Survey vessel,https://www.wikidata.org/entity/Q1303735
/m/04czj7,Daihatsu mira,
/m/04czkc,Suzuki cappuccino,
/m/04czl3,Daihatsu copen,
/m/04cznb,Daihatsu fellow max,
/m/04czpg,Daihatsu move,
/m/04czpv,Daihatsu boon,
/m/04czq7,Daihatsu terios,
/m/04czqz,Daihatsu yrv,
/m/04d01f,Amber (Color),https://www.wikidata.org/entity/Q25381
/m/04d0gf,Pimm's,https://www.wikidata.org/entity/Q1761185
/m/04d1p3,Shawl,https://www.wikidata.org/entity/Q3354532
/m/04d24t,Spectacled bear,https://www.wikidata.org/entity/Q137641
/m/04d3dd,Sunbeam alpine,
/m/04d3f2,Sunbeam tiger,
/m/04d3vm,Cobbler,https://www.wikidata.org/entity/Q1104611
/m/04d3z4,Upset,https://www.wikidata.org/entity/Q7899247
/m/04d4tf,Kugel,https://www.wikidata.org/entity/Q1639621
/m/04d6k,Kilt,https://www.wikidata.org/entity/Q151948
/m/04d6rc,Steam car,https://www.wikidata.org/entity/Q1054271
/m/04d7c5,Daihatsu compagno,
/m/04d7l0,Barbary sheep,https://www.wikidata.org/entity/Q322141
/m/04d89p,Powerbocking,https://www.wikidata.org/entity/Q895138
/m/04d8s2,Char kway teow,https://www.wikidata.org/entity/Q5073693
/m/04d914,Race of champions,https://www.wikidata.org/entity/Q1043786
/m/04d9n9,Chrysler sunbeam,
/m/04d9qs,Hillman husky,
/m/04d9rh,Sunbeam rapier,
/m/04d_5yf,Native gooseberry,https://www.wikidata.org/entity/Q3595465
/m/04d__1z,Fishing bait,https://www.wikidata.org/entity/Q803978
/m/04d_gpy,Rum swizzle,https://www.wikidata.org/entity/Q7379107
/m/04d_gxg,Creamer potato,
/m/04d_lqn,Native raspberry,https://www.wikidata.org/entity/Q911501
/m/04db3_,Bugles,https://www.wikidata.org/entity/Q1628293
/m/04db_z,Psychedelic art,https://www.wikidata.org/entity/Q696160
/m/04dbx5,Pontiac torrent,
/m/04dc47,Chevrolet monte carlo,
/m/04dcp6,Hainanese chicken rice,https://www.wikidata.org/entity/Q3239751
/m/04dct7,Hokkien mee,https://www.wikidata.org/entity/Q1624233
/m/04dhkw,Willys jeep truck,
/m/04dj14,Pickerel,https://www.wikidata.org/entity/Q93596
/m/04dkyl,Hyundai elantra,
/m/04dkzb,Bak kut teh,https://www.wikidata.org/entity/Q983160
/m/04dl0k,Cabbage roll,
/m/04dly4,Sambo (martial art),https://www.wikidata.org/entity/Q340753
/m/04dm6,Komondor,https://www.wikidata.org/entity/Q38675
/m/04dm_l,Seat toledo,
/m/04dmm,Keeshond,https://www.wikidata.org/entity/Q38843
/m/04dmqd,Runza food,https://www.wikidata.org/entity/Q7380161
/m/04dn5x,Isuzu ascender,
/m/04dpf8,Wiffle ball,https://www.wikidata.org/entity/Q142918
/m/04dqbsl,Coopers brewery sparkling ale,
/m/04dqc8k,Anchor brewery liberty ale,
/m/04dqfwx,Lagunitas ipa,
/m/04dqhxh,Black sheep ale,
/m/04dqkys,Murphy's irish stout,https://www.wikidata.org/entity/Q1546373
/m/04dqn2f,Fuller's london pride,
/m/04dqnz,Dubreq stylophone,https://www.wikidata.org/entity/Q1799406
/m/04dqp1q,Doom bar,https://www.wikidata.org/entity/Q5297062
/m/04dqq92,Rogue dead guy ale,
/m/04dqqng,Coopers brewery original pale ale,
/m/04dr76w,Bottle,https://www.wikidata.org/entity/Q80228
/m/04ds08,Clamato,https://www.wikidata.org/entity/Q2975184
/m/04dsyb,Ferrari 308 gtb/gts,
/m/04dtsk,Ferrari 275,
/m/04dty4,Ferrari daytona,
/m/04dvgq,Bmw m5,
/m/04dw6l,Grinding machine,https://www.wikidata.org/entity/Q245761
/m/04dw8c,Angle grinder,https://www.wikidata.org/entity/Q827274
/m/04dw9s,Bench grinder,https://www.wikidata.org/entity/Q2564323
/m/04dxkl,Ford puma,
/m/04dy6qj,Concert hall,
/m/04dyf_,Ferrari 348,
/m/04dyxyl,Guardians of the galaxy,https://www.wikidata.org/entity/Q5614113
/m/04dyzmx,Kozhukkattai,https://www.wikidata.org/entity/Q3522272
/m/04dz2sf,Chocalho,https://www.wikidata.org/entity/Q1075560
/m/04dz31,Poodle crossbreed,https://www.wikidata.org/entity/Q38547
/m/04dzdpc,Underwater sports,https://www.wikidata.org/entity/Q2369170
/m/04dzlp6,Lotus evora,
/m/04dzzn,Neapolitan mastiff,https://www.wikidata.org/entity/Q38529
/m/04f006,Damson,https://www.wikidata.org/entity/Q10878191
/m/04f05j1,Volkswagen transporter t5,
/m/04f0wck,Chalk line,https://www.wikidata.org/entity/Q339460
/m/04f103,Triumph vitesse,
/m/04f1c57,Manilkara kauki,https://www.wikidata.org/entity/Q2716667
/m/04f1h46,Cosmos caudatus,https://www.wikidata.org/entity/Q5174633
/m/04f1n_,Bmw 3 series compact,
/m/04f1wbm,Silver spotted Skipper,https://www.wikidata.org/entity/Q7515761
/m/04f1y02,Subaru 1500,
/m/04f20t,Digital SLR,
/m/04f2y36,Longhaired whippet,
/m/04f2yc,Anatolian shepherd dog,https://www.wikidata.org/entity/Q38508
/m/04f32c6,Falling,
/m/04f393c,Yellow plum,https://www.wikidata.org/entity/Q16798951
/m/04f3wr1,Billardiera longiflora,
/m/04f44c,Foal,https://www.wikidata.org/entity/Q45614
/m/04f44q4,Concrete grinder,https://www.wikidata.org/entity/Q831590
/m/04f4987,Cedar bay cherry,https://www.wikidata.org/entity/Q310689
/m/04f4_n,Ferrari gt4,
/m/04f4mp,Ferrari mondial,
/m/04f4p2b,Keglevich,https://www.wikidata.org/entity/Q3513036
/m/04f4xh,Ferrari 400,
/m/04f5n6c,Spanish cherry,https://www.wikidata.org/entity/Q2088434
/m/04f5tg6,Mitsubishi racing lancer,
/m/04f5ws,Bottle opener,https://www.wikidata.org/entity/Q12360
/m/04f5xvy,Brilliance bs4,
/m/04f62z,Cobalt blue,https://www.wikidata.org/entity/Q425278
/m/04f693k,Karkalla,
/m/04f6_dv,Humber sceptre,
/m/04f6b4c,Geranium macrorrhizum,https://www.wikidata.org/entity/Q805037
/m/04f6c0g,Carpobrotus glaucescens,https://www.wikidata.org/entity/Q5045838
/m/04f6k_,Mapp gas,https://www.wikidata.org/entity/Q609621
/m/04f6rz,Turquoise (Color),https://www.wikidata.org/entity/Q165254
/m/04f6yjq,Vanessa cardui,https://www.wikidata.org/entity/Q158603
/m/04f6ylz,Minke Whale,https://www.wikidata.org/entity/Q201808
/m/04f73kr,Krating daeng,https://www.wikidata.org/entity/Q508686
/m/04f73yc,Pouf,https://www.wikidata.org/entity/Q7235474
/m/04f74b3,Tree frog,https://www.wikidata.org/entity/Q1144302
/m/04f759m,Selling,
/m/04f76q7,Chevrolet cruze,
/m/04f78yw,Mitsubishi colt 800,
/m/04f78z7,Mitsubishi colt 1000,https://www.wikidata.org/entity/Q6883020
/m/04f79,Komodo dragon,https://www.wikidata.org/entity/Q4504
/m/04f7bs,Khaki,https://www.wikidata.org/entity/Q650770
/m/04f85,Kiwi,https://www.wikidata.org/entity/Q5574340
/m/04f8p,Kiwifruit,https://www.wikidata.org/entity/Q13194
/m/04f8vf,Ferrari 550,
/m/04f9kr,Dodge power wagon,
/m/04f_1fd,Ats 2500 gt,
/m/04f_mx,Orange lily,https://www.wikidata.org/entity/Q163766
/m/04f_s8x,Bánh ướt,https://www.wikidata.org/entity/Q50622
/m/04fb3h,Vanilla orchids,
/m/04fc7t,Ferrari f40,
/m/04fdw,Kayak,https://www.wikidata.org/entity/Q179246
/m/04ffcj,Lilac,https://www.wikidata.org/entity/Q6565319
/m/04ffss,Oleander,
/m/04ffvn,Presidential palace,https://www.wikidata.org/entity/Q2114972
/m/04fh8w,Dondurma,https://www.wikidata.org/entity/Q141293
/m/04fjm,Kutia,https://www.wikidata.org/entity/Q1794677
/m/04flxj,Linguine,https://www.wikidata.org/entity/Q20035
/m/04fn06,Mini moke,
/m/04fntbg,Canon ef 75-300mm f/4-5.6 iii,
/m/04fp11,Deviled egg,https://www.wikidata.org/entity/Q551458
/m/04fq8y,Squeezebox,https://www.wikidata.org/entity/Q336767
/m/04fr1,Kwanzaa,https://www.wikidata.org/entity/Q746851
/m/04frb4,Interactive kiosk,https://www.wikidata.org/entity/Q1370241
/m/04fvsn,Plymouth fury,
/m/04fxl7,Oatcake,https://www.wikidata.org/entity/Q3347905
/m/04fyb1,Sirloin steak,https://www.wikidata.org/entity/Q6501598
/m/04fyrw,Smooth Greensnake,https://www.wikidata.org/entity/Q945692
/m/04fznhq,Pig roast,https://www.wikidata.org/entity/Q7193247
/m/04fzqk3,Toyota stout,
/m/04fzqn3,Nem rán,
/m/04fzvx,Cane corso,https://www.wikidata.org/entity/Q21082
/m/04g06r,Ferrari america,
/m/04g07,Koi,https://www.wikidata.org/entity/Q378846
/m/04g0dl5,Ammunition box,https://www.wikidata.org/entity/Q1953318
/m/04g0lp,Apple strudel,https://www.wikidata.org/entity/Q261387
/m/04g0psr,Artic,
/m/04g0xc5,Marsh pea,https://www.wikidata.org/entity/Q159365
/m/04g132,Wonton,https://www.wikidata.org/entity/Q553905
/m/04g1_nd,Sopressa,https://www.wikidata.org/entity/Q1056366
/m/04g1vt,Oldsmobile achieva,
/m/04g2277,Bánh hỏi,https://www.wikidata.org/entity/Q5004799
/m/04g24hs,Alvis 12/70,
/m/04g2q0v,Toyota crown majesta,
/m/04g2r,Lynx,https://www.wikidata.org/entity/Q677014
/m/04g3r,Leisure,https://www.wikidata.org/entity/Q180910
/m/04g5h9,General motors autonomy,
/m/04g85h,Roadrunner,https://www.wikidata.org/entity/Q1452250
/m/04g9jvx,Bmw 1600,
/m/04gbpqk,Vulnerable Native Breeds,
/m/04gc2,Lawyer,https://www.wikidata.org/entity/Q40348
/m/04gcl9,Receipt,https://www.wikidata.org/entity/Q330190
/m/04gcph,Honda ballade,
/m/04gdv9,Peanut oil,https://www.wikidata.org/entity/Q265878
/m/04gf49c,Restaurateur,https://www.wikidata.org/entity/Q3427922
/m/04gg3x,Chess pie,https://www.wikidata.org/entity/Q5093340
/m/04ggbny,Honda s360,
/m/04ggdwp,Merkur scorpio,
/m/04ggf3y,Lemon juice,https://www.wikidata.org/entity/Q500
/m/04ggfp5,Celery salt,https://www.wikidata.org/entity/Q5057832
/m/04ggh49,Bay,https://www.wikidata.org/entity/Q39594
/m/04ggxs6,Navarin,https://www.wikidata.org/entity/Q450921
/m/04ggyjg,Volkswagen golf mk6,
/m/04gh1,Laser,https://www.wikidata.org/entity/Q38867
/m/04gh6cp,Ecojet concept car,
/m/04ghpht,Renault ax,
/m/04ghpn8,Mephistofeles,
/m/04ghw9_,Western terrestrial garter snake,https://www.wikidata.org/entity/Q819220
/m/04ghz04,Tjotter,https://www.wikidata.org/entity/Q5277386
/m/04gjckd,Douzhi,https://www.wikidata.org/entity/Q1074698
/m/04gjp9,Air purifier,https://www.wikidata.org/entity/Q1196206
/m/04gk0t2,Floats,https://www.wikidata.org/entity/Q406754
/m/04gk8q2,Dowelmax,https://www.wikidata.org/entity/Q5302680
/m/04gkb7l,Mami soup,https://www.wikidata.org/entity/Q16999502
/m/04gkq7k,Great wall wingle,
/m/04glcg,Group b,https://www.wikidata.org/entity/Q492194
/m/04glcy7,Chả,https://www.wikidata.org/entity/Q3115210
/m/04glm2w,Room divider,https://www.wikidata.org/entity/Q7366277
/m/04glntw,Polvorón,https://www.wikidata.org/entity/Q2671459
/m/04gmlfh,Matador (Drink),https://www.wikidata.org/entity/Q549322
/m/04gn0sr,Cassolette,https://www.wikidata.org/entity/Q5049502
/m/04gndkr,Beamz,https://www.wikidata.org/entity/Q4876234
/m/04gnk7m,Majorelle blue,https://www.wikidata.org/entity/Q2906455
/m/04gp0m,Honda s600,
/m/04gp8k,English mastiff,https://www.wikidata.org/entity/Q38418
/m/04gpbn,Bmw m1,
/m/04gq5q,Ferrari 166 s,
/m/04gq6b2,Trioceros,https://www.wikidata.org/entity/Q1758255
/m/04gq6f,Spathoglottis,https://www.wikidata.org/entity/Q2719996
/m/04gq9y,Ferrari 250,
/m/04gq_1b,Poularde albufera,https://www.wikidata.org/entity/Q7235555
/m/04gqk6r,Hangikjöt,https://www.wikidata.org/entity/Q448043
/m/04gqyd,Monkey-flower,
/m/04gr7sp,Lechazo,https://www.wikidata.org/entity/Q10753530
/m/04grkh6,Majestic tree hound,https://www.wikidata.org/entity/Q6737720
/m/04grkv,Honda pilot,
/m/04gs17,Mimosa,https://www.wikidata.org/entity/Q160110
/m/04gs4v2,Honda elysion,
/m/04gsr1y,Meller's chameleon,https://www.wikidata.org/entity/Q964868
/m/04gt040,Shower head,
/m/04gt7zd,Aston martin one-77,
/m/04gt_,Lemon balm,https://www.wikidata.org/entity/Q148396
/m/04gth,Lavender (Plant),https://www.wikidata.org/entity/Q171892
/m/04gty3_,Russian fist fighting,https://www.wikidata.org/entity/Q2343450
/m/04gv79h,Headland,https://www.wikidata.org/entity/Q191992
/m/04gv7xd,Ford sierra rs cosworth,https://www.wikidata.org/entity/Q4566760
/m/04gvd_,Compact fluorescent lamp,https://www.wikidata.org/entity/Q207571
/m/04gvhhy,Aeolian landform,https://www.wikidata.org/entity/Q4687862
/m/04gvj1v,Scentless Plant Bugs,
/m/04gvjcg,Alvis firebird,
/m/04gvl56,Piquillo pepper,https://www.wikidata.org/entity/Q3121337
/m/04gvlf,Subaru justy,
/m/04gvls_,Led display,https://www.wikidata.org/entity/Q13427211
/m/04gvnx,Hedgehog cactus,https://www.wikidata.org/entity/Q5697290
/m/04gvs3,Hojicha,https://www.wikidata.org/entity/Q1652744
/m/04gvstg,Tobacco products,https://www.wikidata.org/entity/Q44106
/m/04gvz,Laurales,https://www.wikidata.org/entity/Q21801
/m/04gw61j,Halwa poori,
/m/04gw6fd,Turquoise ixia,
/m/04gwf,Lamiales,https://www.wikidata.org/entity/Q21742
/m/04gxxd,Tonbak,https://www.wikidata.org/entity/Q3574843
/m/04gxy,Letterboxing (hobby),https://www.wikidata.org/entity/Q6533626
/m/04gy9n,Coconut jam,https://www.wikidata.org/entity/Q94835
/m/04gyn6,Sea lamprey,https://www.wikidata.org/entity/Q385764
/m/04gyrq,Fiddler,https://www.wikidata.org/entity/Q188879
/m/04h0nh,Motor torpedo boat,https://www.wikidata.org/entity/Q1630695
/m/04h123,Vision,https://www.wikidata.org/entity/Q1714531
/m/04h1hs,Dvd recorder,https://www.wikidata.org/entity/Q1414962
/m/04h1td,Scenographer,https://www.wikidata.org/entity/Q2707485
/m/04h2xy,Daihatsu charmant,
/m/04h374,Auger,https://www.wikidata.org/entity/Q1142501
/m/04h4qw,Garmon,https://www.wikidata.org/entity/Q1494360
/m/04h4w,Lake,https://www.wikidata.org/entity/Q23397
/m/04h5c,Locomotive,https://www.wikidata.org/entity/Q93301
/m/04h7h,Lighthouse,https://www.wikidata.org/entity/Q39715
/m/04h812,Ika-renault torino,
/m/04h83m,Prayer rug,https://www.wikidata.org/entity/Q956956
/m/04h8h,Library,https://www.wikidata.org/entity/Q7075
/m/04h8sr,Dumbbell,https://www.wikidata.org/entity/Q465453
/m/04h9t2,Ice cream maker,https://www.wikidata.org/entity/Q1319419
/m/04hcmb,Asam pedas,https://www.wikidata.org/entity/Q4803469
/m/04hd6b,Rolls-royce silver seraph,
/m/04hdl_t,Botan shrimp,
/m/04hdlzd,Scampi shrimp,
/m/04hdlzk,Sea bass,https://www.wikidata.org/entity/Q1248017
/m/04hfkm,Sultana,https://www.wikidata.org/entity/Q424410
/m/04hfxj,Langur,https://www.wikidata.org/entity/Q732737
/m/04hggr,Breadbox,https://www.wikidata.org/entity/Q990862
/m/04hgtk,Human head,
/m/04hgv,Limestone,https://www.wikidata.org/entity/Q23757
/m/04hhtl,Leg press,https://www.wikidata.org/entity/Q814819
/m/04hjj1,Western Gull,https://www.wikidata.org/entity/Q630829
/m/04hjzq,Aleko,
/m/04hkqs,Bloody mary,https://www.wikidata.org/entity/Q226934
/m/04hmk8,Burrata,https://www.wikidata.org/entity/Q543512
/m/04hmvh,Riodinidae,https://www.wikidata.org/entity/Q6822927
/m/04hnq0,Otak-otak,https://www.wikidata.org/entity/Q3234931
/m/04hpv1,Honda cr-v,
/m/04hq57,Water police,https://www.wikidata.org/entity/Q197617
/m/04hqyd,Ford c-max,
/m/04hs_g,Maserati mc12,
/m/04hslr,Chub salmon,https://www.wikidata.org/entity/Q833503
/m/04hsvq,Shelby glhs,
/m/04hvjs,Kia picanto,
/m/04hw5g,Shelby lancer,
/m/04hwcg,Shelby csx,
/m/04hwhc,Shelby dakota,
/m/04hwn2,Shelby series 1,
/m/04hwsp,Shelby daytona,
/m/04hx4n,Austin 1800,
/m/04hx6d,Arctostaphylos uva-ursi,https://www.wikidata.org/entity/Q15115206
/m/04hx8l,Bmc ado16,https://www.wikidata.org/entity/Q796306
/m/04hxml,Skyy vodka,https://www.wikidata.org/entity/Q1798985
/m/04hy9z,Siberian ginseng,https://www.wikidata.org/entity/Q894245
/m/04hygk,Ranged weapon,https://www.wikidata.org/entity/Q153556
/m/04hyxm,Classroom,https://www.wikidata.org/entity/Q621114
/m/04j0q9,Taidō,https://www.wikidata.org/entity/Q732561
/m/04j192,Hummer h1,
/m/04j4_93,Bmw 2002ti,
/m/04j51t,Yellow perch,https://www.wikidata.org/entity/Q469754
/m/04j5br,Chocolate liquor,https://www.wikidata.org/entity/Q1721876
/m/04j5jl,Master of ceremonies,
/m/04j604,Tamarillo,https://www.wikidata.org/entity/Q379747
/m/04j69j,Gochujang,https://www.wikidata.org/entity/Q699637
/m/04j8v4,Pianet,https://www.wikidata.org/entity/Q1512133
